Series ID,key,Order,Gender,Level,Level1SeriesID,Level1Key,Level2SeriesID,Level2Key,Level3SeriesID,Level3Key,Y2003,Y2004,Y2005,Y2006,Y2007,Y2008,Y2009,Y2010,Y2011,Y2012,Y2013,Y2014,Y2015,Y2016,Y2017,Y2018
TUU10101AA01017940,Sleeping,1,Men,2,TUU10101AA01008981,Personal care activities (includes travel),,,,,8.41,8.41,8.48,8.49,8.45,8.5,8.55,8.52,8.57,8.53,8.59,8.62,8.7,8.62,8.63,8.73
TUU10101AA01018162,Grooming,2,Men,2,TUU10101AA01008981,Personal care activities (includes travel),,,,,0.54,0.55,0.54,0.54,0.53,0.56,0.53,0.57,0.56,0.55,0.56,0.55,0.56,0.57,0.56,0.53
TUU10101AA01031815,Health-related self care,3,Men,2,TUU10101AA01008981,Personal care activities (includes travel),,,,,0.07,0.08,0.1,0.08,0.05,0.07,0.08,0.08,0.04,0.05,0.06,0.06,0.07,0.05,0.06,0.04
TUU10101AA01031908,Personal activities,4,Men,2,TUU10101AA01008981,Personal care activities (includes travel),,,,,0.02,0.01,0.03,0.01,0.01,0.02,0.01,0.02,0.01,0.01,0.01,0.01,0.01,0.01,0.02,0.01
TUU10101AA01018384,Housework,5,Men,2,TUU10101AA01009533,Household activities (includes travel),,,,,0.23,0.23,0.24,0.26,0.3,0.25,0.27,0.27,0.28,0.29,0.26,0.28,0.27,0.27,0.24,0.25
TUU10101AA01047448,Interior cleaning,6,Men,3,TUU10101AA01009533,Household activities (includes travel),TUU10101AA01018384,Housework,,,0.15,0.16,0.16,0.18,0.22,0.17,0.2,0.19,0.19,0.2,0.18,0.2,0.17,0.19,0.16,0.15
TUU10101AA01047637,Laundry,7,Men,3,TUU10101AA01009533,Household activities (includes travel),TUU10101AA01018384,Housework,,,0.06,0.06,0.06,0.07,0.07,0.06,0.06,0.07,0.07,0.07,0.06,0.07,0.08,0.07,0.07,0.09
TUU10101AA01047826,"Storing interior household items, including food",8,Men,3,TUU10101AA01009533,Household activities (includes travel),TUU10101AA01018384,Housework,,,0.02,0.02,0.01,0.01,0.01,0.01,0.01,0.01,0.01,0.01,0.01,0.01,0.01,0.01,0.01,0.01
TUU10101AA01018605,Food preparation and cleanup,9,Men,2,TUU10101AA01009533,Household activities (includes travel),,,,,0.27,0.27,0.27,0.31,0.29,0.32,0.31,0.33,0.32,0.3,0.35,0.35,0.37,0.36,0.38,0.37
TUU10101AA01048015,Food and drink preparation,10,Men,3,TUU10101AA01009533,Household activities (includes travel),TUU10101AA01009533,Household activities (includes travel),,,0.22,0.21,0.22,0.24,0.24,0.26,0.25,0.28,0.27,0.25,0.29,0.29,0.3,0.3,0.31,0.31
TUU10101AA01048204,Kitchen and food cleanup,11,Men,3,TUU10101AA01009533,Household activities (includes travel),TUU10101AA01009533,Household activities (includes travel),,,0.05,0.05,0.05,0.06,0.05,0.05,0.05,0.05,0.05,0.05,0.05,0.06,0.07,0.06,0.06,0.06
TUU10101AA01032087,"Interior maintenance, repair, and decoration",12,Men,2,TUU10101AA01009533,Household activities (includes travel),,,,,0.14,0.15,0.11,0.1,0.13,0.1,0.09,0.1,0.09,0.08,0.09,0.08,0.09,0.07,0.08,0.08
TUU10101AA01032186,"Exterior maintenance, repair, and decoration",13,Men,2,TUU10101AA01009533,Household activities (includes travel),,,,,0.11,0.1,0.12,0.09,0.1,0.09,0.09,0.1,0.1,0.09,0.08,0.09,0.1,0.08,0.1,0.07
TUU10101AA01018825,Lawn and garden care,14,Men,2,TUU10101AA01009533,Household activities (includes travel),,,,,0.28,0.27,0.29,0.27,0.31,0.27,0.29,0.32,0.27,0.26,0.26,0.27,0.29,0.26,0.26,0.26
TUU10101AA01032334,Animal and pet care,15,Men,2,TUU10101AA01009533,Household activities (includes travel),,,,,0.08,0.06,0.08,0.07,0.09,0.08,0.08,0.08,0.08,0.09,0.09,0.1,0.1,0.11,0.13,0.11
TUU10101AA01048393,Care for animals and pets (not veterinary care),16,Men,3,TUU10101AA01009533,Household activities (includes travel),TUU10101AA01032334,Animal and pet care,,,,,,,,0.04,0.04,0.04,0.04,0.05,0.05,0.04,0.05,0.06,0.07,0.06
TUU10101AA01048582,"Walking, exercising, and playing with animals",17,Men,3,TUU10101AA01009533,Household activities (includes travel),TUU10101AA01032334,Animal and pet care,,,,,,,,0.05,0.04,0.04,0.04,0.04,0.04,0.05,0.05,0.05,0.06,0.05
TUU10101AA01032433,Vehicle care (by self),18,Men,2,TUU10101AA01009533,Household activities (includes travel),,,,,0.09,0.1,0.09,0.09,0.07,0.08,0.07,0.08,0.09,0.07,0.08,0.1,0.07,0.06,0.07,0.06
TUU10101AA01032528,"Appliance, tool, and toy maintenance (by self)",19,Men,2,TUU10101AA01009533,Household activities (includes travel),,,,,0.03,0.04,0.04,0.04,0.03,0.02,0.03,0.04,0.03,0.02,0.03,0.03,0.03,0.03,0.03,0.03
TUU10101AA01048771,Financial management,20,Men,3,TUU10101AA01009533,Household activities (includes travel),TUU10101AA01023911,Household management,,,0.03,0.04,0.04,0.03,0.03,0.03,0.03,0.03,0.02,0.02,0.02,0.03,0.02,0.03,0.03,0.03
TUU10101AA01048960,Household and personal organization and planning,21,Men,3,TUU10101AA01009533,Household activities (includes travel),TUU10101AA01023911,Household management,,,0.08,0.07,0.08,0.08,0.1,0.07,0.08,0.08,0.08,0.08,0.08,0.07,0.08,0.1,0.1,0.09
TUU10101AA01032623,Household and personal mail and messages,22,Men,3,TUU10101AA01015735,"Telephone calls, mail, and e-mail (includes travel)",TUU10101AA01038006,Household and personal messages,,,0.02,0.02,0.02,0.02,0.02,0.02,0.02,0.01,0.01,0.01,0.01,0.01,0.02,0.02,0.01,0.01
TUU10101AA01032722,Household and personal e-mail and messages,23,Men,3,TUU10101AA01015735,"Telephone calls, mail, and e-mail (includes travel)",TUU10101AA01038006,Household and personal messages,,,0.03,0.02,0.03,0.04,0.04,0.05,0.05,0.05,0.04,0.03,0.03,0.02,0.03,0.03,0.02,0.03
TUU10101AA01032820,Caring for and helping household children (except activities related to education and health),24,Men,3,TUU10101AA01010523,Caring for and helping household members (includes travel),TUU10101AA01024549,Caring for and helping household children under 18,,,0.23,0.24,0.24,0.23,0.24,0.27,0.27,0.25,0.22,0.25,0.25,0.24,0.22,0.25,0.25,0.21
TUU10101AA01049149,Physical care for household children,25,Men,4,TUU10101AA01010523,Caring for and helping household members (includes travel),TUU10101AA01024479,Caring for and helping household children under 18,TUU10101AA01032787,Caring for and helping household children (except activities related to education and health),0.08,0.08,0.09,0.08,0.09,0.1,0.09,0.08,0.07,0.08,0.08,0.07,0.08,0.08,0.08,0.07
TUU10101AA01049338,Reading to/with household children,26,Men,4,TUU10101AA01010523,Caring for and helping household members (includes travel),TUU10101AA01024479,Caring for and helping household children under 18,TUU10101AA01032787,Caring for and helping household children (except activities related to education and health),0.01,0.01,0.01,0.01,0.01,0.01,0.01,0.01,0.01,0.01,0.01,0.01,0.01,0.01,0.01,0.01
TUU10101AA01049527,"Playing with household children, not sports",27,Men,4,TUU10101AA01010523,Caring for and helping household members (includes travel),TUU10101AA01024479,Caring for and helping household children under 18,TUU10101AA01032787,Caring for and helping household children (except activities related to education and health),0.08,0.08,0.07,0.08,0.08,0.09,0.09,0.09,0.08,0.09,0.09,0.09,0.07,0.09,0.09,0.06
TUU10101AA01049716,Talking with/listening to household children,28,Men,4,TUU10101AA01010523,Caring for and helping household members (includes travel),TUU10101AA01024479,Caring for and helping household children under 18,TUU10101AA01032787,Caring for and helping household children (except activities related to education and health),0.01,0.01,0.01,0.01,0.01,0.01,0.01,0.01,0.01,0.01,0.01,0.02,0.01,0.01,0.01,0.01
TUU10101AA01049905,Attending household children's events,29,Men,4,TUU10101AA01010523,Caring for and helping household members (includes travel),TUU10101AA01024479,Caring for and helping household children under 18,TUU10101AA01032787,Caring for and helping household children (except activities related to education and health),0.02,0.02,0.02,0.02,0.01,0.02,0.02,0.02,0.02,0.02,0.02,0.02,0.02,0.01,0.02,0.02
TUU10101AA01032918,Activities related to household children's education,30,Men,3,TUU10101AA01010523,Caring for and helping household members (includes travel),TUU10101AA01024549,Caring for and helping household children under 18,,,0.02,0.02,0.02,0.02,0.02,0.02,0.02,0.02,0.02,0.02,0.03,0.02,0.02,0.02,0.02,0.02
TUU10101AA01050094,Helping household children with homework,31,Men,4,TUU10101AA01010523,Caring for and helping household members (includes travel),TUU10101AA01024479,Caring for and helping household children under 18,TUU10101AA01032787,Caring for and helping household children (except activities related to education and health),0.02,0.02,0.02,0.02,0.02,0.02,0.02,0.02,0.02,0.02,0.03,0.02,0.02,0.02,0.02,0.01
TUU10101AA01032996,Activities related to household children's health,32,Men,3,TUU10101AA01010523,Caring for and helping household members (includes travel),TUU10101AA01024549,Caring for and helping household children under 18,,,0.01,,,,0.01,,0.01,,0.01,0.01,,0.01,,,0.01,
TUU10101AA01033068,Caring for household adults,33,Men,3,TUU10101AA01010523,Caring for and helping household members (includes travel),TUU10101AA01024761,Caring for and helping household adults,,,0.02,0.03,0.01,0.02,0.02,0.01,0.02,0.01,0.01,0.02,0.01,0.02,0.02,0.02,0.03,0.02
TUU10101AA01050283,Physical care for household adults,34,Men,4,TUU10101AA01010523,Caring for and helping household members (includes travel),TUU10101AA01024761,Caring for and helping household adults,TUU10101AA01033068,Caring for household adults,0.01,0.01,,0.01,0.01,,0.01,,,,0.01,0.01,0.01,0.01,0.02,0.01
TUU10101AA01033166,Helping household adults,35,Men,3,TUU10101AA01010523,Caring for and helping household members (includes travel),TUU10101AA01024761,Caring for and helping household adults,,,0.02,0.02,0.02,0.01,0.01,0.01,0.01,0.01,0.01,0.01,0.01,0.01,0.01,0.01,0.01,0.02
TUU10101AA01033284,Caring for nonhousehold adults,36,Men,3,TUU10101AA01011323,Caring for and helping nonhousehold members (includes travel),TUU10101AA01025392,Caring for and helping nonhousehold adults,,,0.02,0.02,,,0.01,0.01,0.01,,,,0.01,0.01,0.01,0.01,0.01,0.01
TUU10101AA01033374,Helping nonhousehold adults,37,Men,3,TUU10101AA01011323,Caring for and helping nonhousehold members (includes travel),TUU10101AA01025392,Caring for and helping nonhousehold adults,,,0.1,0.1,0.08,0.07,0.06,0.07,0.08,0.08,0.08,0.06,0.06,0.07,0.06,0.07,0.06,0.07
TUU10101AA01019295,Working,38,Men,2,TUU10101AA01012139,Working and work-related activities (includes travel),,,,,4.3,4.23,4.23,4.33,4.31,4.31,4.02,3.84,4.02,3.98,3.99,4.07,4,4.21,4.09,3.92
TUU10101AA01019573,Work-related activities,39,Men,2,TUU10101AA01012139,Working and work-related activities (includes travel),,,,,0.02,0.01,0.01,0.01,0.01,0.02,0.01,0.01,0.01,0.01,0.01,0.01,,,,
TUU10101AA01033552,Other income-generating activities,40,Men,2,TUU10101AA01012139,Working and work-related activities (includes travel),,,,,0.03,0.01,0.02,0.02,0.03,0.02,0.03,0.03,0.03,0.02,0.02,0.02,0.01,0.01,0.02,0.03
TUU10101AA01033649,Job search and interviewing,41,Men,2,TUU10101AA01012139,Working and work-related activities (includes travel),,,,,0.04,0.03,0.02,0.03,0.03,0.05,0.06,0.07,0.05,0.05,0.05,0.05,0.05,0.04,0.04,0.03
TUU10101AA01019805,Attending class,42,Men,2,TUU10101AA01012479,Educational activities (includes travel),,,,,0.12,0.13,0.11,0.1,0.1,0.07,0.09,0.13,0.14,0.11,0.11,0.07,0.1,0.07,0.11,0.12
TUU10101AA01050472,"Taking class for degree, certification, or licensure",43,Men,3,TUU10101AA01012479,Educational activities (includes travel),TUU10101AA01019805,Attending class,,,0.11,0.11,0.09,0.08,0.09,0.07,0.08,0.12,0.12,0.1,0.1,0.07,0.09,0.06,0.1,0.11
TUU10101AA01020051,Homework and research,44,Men,2,TUU10101AA01012479,Educational activities (includes travel),,,,,0.09,0.09,0.12,0.1,0.08,0.09,0.12,0.11,0.11,0.13,0.14,0.09,0.13,0.1,0.15,0.14
TUU10101AA01020275,Consumer goods purchases,45,Men,2,TUU10101AA01012804,Purchasing goods and services (includes travel),,,,,0.33,0.31,0.31,0.3,0.31,0.29,0.3,0.31,0.31,0.28,0.29,0.28,0.29,0.29,0.28,0.26
TUU10101AA01033890,Grocery shopping,46,Men,3,TUU10101AA01012804,Purchasing goods and services (includes travel),TUU10101AA01020275,Consumer goods purchases,,,0.07,0.07,0.07,0.07,0.07,0.07,0.08,0.08,0.09,0.07,0.08,0.08,0.08,0.07,0.08,0.08
TUU10101AA01020496,Professional and personal care services,47,Men,2,TUU10101AA01012804,Purchasing goods and services (includes travel),,,,,0.08,0.07,0.06,0.07,0.06,0.06,0.07,0.06,0.05,0.06,0.07,0.06,0.05,0.06,0.07,0.09
TUU10101AA01034040,Financial services and banking,48,Men,3,TUU10101AA01012804,Purchasing goods and services (includes travel),TUU10101AA01020496,Professional and personal care services,,,0.01,0.01,0.01,0.01,0.01,0.01,0.01,0.01,,0.01,0.01,0.01,0.01,0.01,0.01,0.01
TUU10101AA01034139,Medical and care services,49,Men,3,TUU10101AA01012804,Purchasing goods and services (includes travel),TUU10101AA01020496,Professional and personal care services,,,0.05,0.04,0.03,0.05,0.04,0.04,0.04,0.04,0.03,0.04,0.04,0.05,0.04,0.04,0.05,0.06
TUU10101AA01034233,Personal care services,50,Men,3,TUU10101AA01012804,Purchasing goods and services (includes travel),TUU10101AA01020496,Professional and personal care services,,,0.01,0.01,0.01,0.01,,0.01,0.01,0.01,0.01,0.01,0.01,0.01,,,0.01,0.01
TUU10101AA01034329,Household services,51,Men,2,TUU10101AA01012804,Purchasing goods and services (includes travel),,,,,0.02,0.01,0.02,0.02,0.02,0.01,0.01,0.01,0.01,0.01,0.02,0.02,0.01,0.02,0.02,0.02
TUU10101AA01034415,"Home maintenance, repair, decoration, and construction (not done by self)",52,Men,3,TUU10101AA01012804,Purchasing goods and services (includes travel),TUU10101AA01034329,Household services,,,0.01,0.01,,0.01,0.01,,,0.01,,,0.01,,,0.01,,0.01
TUU10101AA01034496,Vehicle maintenance and repair services (not done by self),53,Men,3,TUU10101AA01012804,Purchasing goods and services (includes travel),TUU10101AA01034329,Household services,,,0.01,0.01,0.01,0.01,0.01,0.01,0.01,0.01,0.01,0.01,0.01,0.02,0.01,0.01,0.01,0.01
TUU10101AA01034561,Civic obligations and participation,54,Men,2,TUU10101AA01028150,Volunteering (organizational and civic activities),,,,,,,,,,0.01,,,,,,,,0.01,,0.01
TUU10101AA01034615,Eating and drinking,55,Men,2,TUU10101AA01013389,Eating and drinking (includes travel),,,,,1.13,1.18,1.18,1.14,1.15,1.16,1.15,1.18,1.16,1.18,1.15,1.12,1.12,1.08,1.1,1.1
TUU10101AA01034714,"Socializing, relaxing, and leisure",56,Men,2,TUU10101AA01013749,Leisure and sports (includes travel),,,,,4.73,4.87,4.79,4.79,4.77,4.85,4.92,4.88,4.87,5.1,4.96,5.06,4.95,4.88,4.93,5.11
TUU10101AA01034813,Socializing and communicating (except social events),57,Men,4,TUU10101AA01013749,Leisure and sports (includes travel),TUU10101AA01034714,"Socializing, relaxing, and leisure",TUU10101AA01026940,Socializing and communicating,0.63,0.62,0.63,0.62,0.59,0.58,0.55,0.61,0.56,0.65,0.6,0.63,0.59,0.59,0.53,0.52
TUU10101AA01034912,Attending or hosting social events,58,Men,4,TUU10101AA01013749,Leisure and sports (includes travel),TUU10101AA01034714,"Socializing, relaxing, and leisure",TUU10101AA01026940,Socializing and communicating,0.09,0.08,0.08,0.09,0.08,0.07,0.06,0.07,0.06,0.07,0.05,0.06,0.06,0.05,0.08,0.04
TUU10101AA01035011,Relaxing and leisure,59,Men,3,TUU10101AA01013749,Leisure and sports (includes travel),TUU10101AA01034714,"Socializing, relaxing, and leisure",,,3.91,4.07,3.98,4,4.02,4.12,4.23,4.11,4.18,4.3,4.23,4.28,4.24,4.17,4.25,4.46
TUU10101AA01021014,Relaxing and thinking,60,Men,4,TUU10101AA01013749,Leisure and sports (includes travel),TUU10101AA01034714,"Socializing, relaxing, and leisure",TUU10101AA01035011,Relaxing and leisure,0.35,0.32,0.38,0.33,0.34,0.28,0.26,0.3,0.3,0.34,0.32,0.33,0.32,0.34,0.41,0.36
TUU10101AA01021243,Playing games,61,Men,4,TUU10101AA01013749,Leisure and sports (includes travel),TUU10101AA01034714,"Socializing, relaxing, and leisure",TUU10101AA01035011,Relaxing and leisure,0.17,0.19,0.18,0.21,0.21,0.21,0.22,0.22,0.23,0.22,0.29,0.24,0.25,0.24,0.27,0.34
TUU10101AA01021464,Computer use for leisure (excluding games),62,Men,4,TUU10101AA01013749,Leisure and sports (includes travel),TUU10101AA01034714,"Socializing, relaxing, and leisure",TUU10101AA01035011,Relaxing and leisure,0.15,0.17,0.15,0.18,0.15,0.14,0.19,0.2,0.25,0.23,0.21,0.24,0.19,0.19,0.21,0.2
TUU10101AA01021753,Reading for personal interest,63,Men,4,TUU10101AA01013749,Leisure and sports (includes travel),TUU10101AA01034714,"Socializing, relaxing, and leisure",TUU10101AA01035011,Relaxing and leisure,0.33,0.34,0.33,0.33,0.29,0.3,0.28,0.26,0.25,0.27,0.27,0.27,0.28,0.26,0.23,0.25
TUU10101AA01035146,Arts and entertainment (other than sports),64,Men,3,TUU10101AA01013749,Leisure and sports (includes travel),TUU10101AA01034714,"Socializing, relaxing, and leisure",,,0.09,0.09,0.09,0.07,0.08,0.08,0.08,0.09,0.08,0.08,0.08,0.09,0.07,0.07,0.07,0.08
TUU10101AA01035245,"Sports, exercise, and recreation",65,Men,2,TUU10101AA01013749,Leisure and sports (includes travel),,,,,0.38,0.38,0.39,0.38,0.41,0.38,0.4,0.41,0.38,0.39,0.39,0.38,0.37,0.38,0.34,0.36
TUU10101AA01035344,"Participating in sports, exercise, or recreation",66,Men,3,TUU10101AA01013749,Leisure and sports (includes travel),TUU10101AA01035245,"Sports, exercise, and recreation",,,0.34,0.35,0.35,0.34,0.38,0.34,0.37,0.38,0.35,0.37,0.37,0.35,0.36,0.35,0.31,0.34
TUU10101AA01051009,Walking,67,Men,4,TUU10101AA01013749,Leisure and sports (includes travel),TUU10101AA01035245,"Sports, exercise, and recreation",TUU10101AA01035344,"Participating in sports, exercise, or recreation",0.04,0.04,0.05,0.03,0.06,0.04,0.05,0.04,0.05,0.05,0.04,0.06,0.06,0.06,0.05,0.05
TUU10101AA01035443,Attending sporting or recreational events,68,Men,3,TUU10101AA01013749,Leisure and sports (includes travel),TUU10101AA01035245,"Sports, exercise, and recreation",,,0.04,0.03,0.04,0.04,0.03,0.04,0.03,0.03,0.03,0.02,0.02,0.03,0.02,0.03,0.03,0.02
TUU10101AA01021980,Religious and spiritual activities,69,Men,2,TUU10101AA01015159,"Organizational, civic, and religious activities",,,,,0.12,0.11,0.1,0.1,0.11,0.12,0.12,0.14,0.12,0.12,0.12,0.11,0.13,0.14,0.11,0.11
TUU10101AA01051198,Attending religious services,70,Men,3,TUU10101AA01015159,"Organizational, civic, and religious activities",TUU10101AA01021980,Religious and spiritual activities,,,0.1,0.09,0.08,0.09,0.07,0.08,0.07,0.09,0.09,0.08,0.09,0.06,0.07,0.08,0.07,0.06
TUU10101AA01051387,Participation in religious practices,71,Men,3,TUU10101AA01015159,"Organizational, civic, and religious activities",TUU10101AA01021980,Religious and spiritual activities,,,0.02,0.02,0.01,0.01,0.03,0.04,0.04,0.04,0.03,0.02,0.02,0.04,0.04,0.04,0.03,0.04
TUU10101AA01035590,Volunteer activities,72,Men,2,TUU10101AA01028150,Volunteering (organizational and civic activities),,,,,0.13,0.12,0.12,0.13,0.13,0.14,0.15,0.12,0.13,0.11,0.13,0.12,0.13,0.11,0.11,0.11
TUU10101AA01035689,Administrative and support activities (volunteering),73,Men,3,TUU10101AA01028150,Volunteering (organizational and civic activities),TUU10101AA01035590,Volunteer activities,,,0.05,0.03,0.03,0.02,0.02,0.03,0.04,0.02,0.03,0.03,0.03,0.02,0.04,0.02,0.03,0.03
TUU10101AA01035785,Social service and care activities (volunteering),74,Men,3,TUU10101AA01028150,Volunteering (organizational and civic activities),TUU10101AA01035590,Volunteer activities,,,0.03,0.03,0.03,0.03,0.04,0.03,0.04,0.03,0.03,0.02,0.04,0.02,0.03,0.02,0.02,0.04
TUU10101AA01035878,"Indoor and outdoor maintenance, building, and cleanup activities (volunteering)",75,Men,3,TUU10101AA01028150,Volunteering (organizational and civic activities),TUU10101AA01035590,Volunteer activities,,,0.01,0.01,0.01,0.01,0.01,0.01,0.01,0.02,0.01,0.01,0.01,0.01,0.02,0.01,0.01,0.01
TUU10101AA01035963,Participating in performance and cultural activities (volunteering),76,Men,3,TUU10101AA01028150,Volunteering (organizational and civic activities),TUU10101AA01035590,Volunteer activities,,,0.01,0.01,0.01,0.01,0.01,,0.01,0.01,0.01,0.01,0.01,0.01,0.01,0.01,0.01,0.01
TUU10101AA01036053,"Attending meetings, conferences, and training (volunteering)",77,Men,3,TUU10101AA01028150,Volunteering (organizational and civic activities),TUU10101AA01035590,Volunteer activities,,,0.02,0.02,0.02,0.02,0.02,0.01,0.02,0.02,0.01,0.02,0.02,0.02,0.02,0.01,0.01,0.01
TUU10101AA01036143,Telephone calls (to or from),78,Men,2,TUU10101AA01015735,"Telephone calls, mail, and e-mail (includes travel)",,,,,0.05,0.06,0.05,0.05,0.05,0.06,0.07,0.06,0.06,0.06,0.05,0.06,0.06,0.06,0.07,0.05
TUU10101AA01036242,Travel related to personal care,79,Men,2,TUU10101AA01008981,Personal care activities (includes travel),,,,,0.01,0.02,0.02,0.01,0.02,0.02,0.02,0.02,0.02,0.02,0.02,0.02,0.02,0.03,0.02,0.02
TUU10101AA01036340,Travel related to household activities,80,Men,2,TUU10101AA01009533,Household activities (includes travel),,,,,0.04,0.04,0.05,0.04,0.05,0.04,0.04,0.05,0.05,0.04,0.04,0.04,0.05,0.05,0.05,0.04
TUU10101AA01022196,Travel related to caring for and helping household members,81,Men,2,TUU10101AA01010523,Caring for and helping household members (includes travel),,,,,0.06,0.06,0.06,0.06,0.06,0.06,0.05,0.06,0.07,0.06,0.06,0.06,0.06,0.06,0.06,0.06
TUU10101AA01022417,Travel related to caring for and helping nonhousehold members,82,Men,2,TUU10101AA01011323,Caring for and helping nonhousehold members (includes travel),,,,,0.09,0.09,0.07,0.06,0.06,0.06,0.06,0.06,0.06,0.06,0.05,0.05,0.05,0.06,0.05,0.05
TUU10101AA01022638,Travel related to work,83,Men,2,TUU10101AA01012139,Working and work-related activities (includes travel),,,,,0.4,0.37,0.38,0.39,0.38,0.38,0.37,0.35,0.36,0.37,0.34,0.36,0.36,0.36,0.39,0.36
TUU10101AA01036591,Travel related to education,84,Men,2,TUU10101AA01012479,Educational activities (includes travel),,,,,0.02,0.02,0.02,0.02,0.01,0.01,0.02,0.02,0.03,0.02,0.02,0.02,0.02,0.01,0.02,0.02
TUU10101AA01022861,Travel related to eating and drinking,85,Men,2,TUU10101AA01013389,Eating and drinking (includes travel),,,,,0.12,0.14,0.14,0.13,0.14,0.13,0.12,0.12,0.12,0.14,0.12,0.11,0.12,0.11,0.13,0.12
TUU10101AA01036729,Travel related to telephone calls,86,Men,2,TUU10101AA01015735,"Telephone calls, mail, and e-mail (includes travel)",,,,,,,,,,,,,,,,,,0.01,,
TUU10101AA01008981,Personal care activities (includes travel),87,Men,1,,,,,,,9.06,9.07,9.16,9.14,9.07,9.16,9.19,9.2,9.2,9.15,9.24,9.26,9.35,9.27,9.28,9.33
TUU10101AA01009533,Household activities (includes travel),88,Men,1,,,,,,,1.39,1.39,1.41,1.39,1.5,1.35,1.39,1.48,1.41,1.34,1.39,1.44,1.49,1.44,1.46,1.4
TUU10101AA01023911,Household management,89,Men,2,TUU10101AA01009533,Household activities (includes travel),,,,,0.11,0.11,0.13,0.11,0.13,0.1,0.11,0.1,0.11,0.11,0.11,0.1,0.11,0.13,0.13,0.12
TUU10101AA01010523,Caring for and helping household members (includes travel),90,Men,1,,,,,,,0.36,0.38,0.36,0.34,0.35,0.38,0.38,0.35,0.35,0.37,0.37,0.36,0.33,0.36,0.38,0.33
TUU10101AA01024549,Caring for and helping household children under 18,91,Men,2,TUU10101AA01010523,Caring for and helping household members (includes travel),,,,,0.26,0.27,0.27,0.26,0.26,0.29,0.29,0.27,0.25,0.28,0.28,0.27,0.24,0.27,0.28,0.23
TUU10101AA01024761,Caring for and helping household adults,92,Men,2,TUU10101AA01010523,Caring for and helping household members (includes travel),,,,,0.04,0.05,0.03,0.03,0.03,0.03,0.03,0.02,0.03,0.03,0.03,0.03,0.03,0.03,0.04,0.04
TUU10101AA01011323,Caring for and helping nonhousehold members (includes travel),93,Men,1,,,,,,,0.25,0.26,0.23,0.19,0.17,0.18,0.19,0.2,0.2,0.16,0.17,0.15,0.17,0.19,0.15,0.2
TUU10101AA01025172,Caring for and helping nonhousehold children,94,Men,2,TUU10101AA01011323,Caring for and helping nonhousehold members (includes travel),,,,,0.05,0.05,0.07,0.06,0.04,0.05,0.05,0.05,0.05,0.04,0.05,0.04,0.04,0.05,0.04,0.07
TUU10101AA01025392,Caring for and helping nonhousehold adults,95,Men,2,TUU10101AA01011323,Caring for and helping nonhousehold members (includes travel),,,,,0.11,0.12,0.09,0.07,0.07,0.08,0.08,0.09,0.08,0.06,0.07,0.07,0.07,0.08,0.07,0.08
TUU10101AA01012139,Working and work-related activities (includes travel),96,Men,1,,,,,,,4.79,4.65,4.67,4.78,4.76,4.79,4.49,4.3,4.46,4.43,4.42,4.51,4.42,4.63,4.55,4.35
TUU10101AA01012479,Educational activities (includes travel),97,Men,1,,,,,,,0.24,0.25,0.25,0.21,0.19,0.17,0.23,0.26,0.29,0.28,0.27,0.19,0.26,0.19,0.28,0.28
TUU10101AA01012804,Purchasing goods and services (includes travel),98,Men,1,,,,,,,0.7,0.67,0.64,0.67,0.65,0.62,0.65,0.63,0.64,0.62,0.64,0.62,0.61,0.65,0.62,0.63
TUU10101AA01026210,Travel related to purchasing goods and services,99,Men,2,TUU10101AA01012804,Purchasing goods and services (includes travel),,,,,0.28,0.28,0.25,0.27,0.25,0.25,0.26,0.24,0.26,0.26,0.27,0.25,0.25,0.27,0.25,0.26
TUU10101AA01013389,Eating and drinking (includes travel),100,Men,1,,,,,,,1.26,1.33,1.32,1.27,1.29,1.29,1.27,1.3,1.28,1.32,1.27,1.22,1.24,1.2,1.23,1.23
TUU10101AA01013749,Leisure and sports (includes travel),101,Men,1,,,,,,,5.35,5.49,5.43,5.42,5.43,5.46,5.54,5.53,5.49,5.73,5.59,5.66,5.54,5.49,5.5,5.67
TUU10101AA01026940,Socializing and communicating,102,Men,3,TUU10101AA01013749,Leisure and sports (includes travel),TUU10101AA01034714,"Socializing, relaxing, and leisure",,,0.72,0.71,0.71,0.71,0.67,0.64,0.61,0.68,0.61,0.72,0.65,0.69,0.64,0.64,0.61,0.57
TUU10101AA01027225,Watching TV,103,Men,4,TUU10101AA01013749,Leisure and sports (includes travel),TUU10101AA01034714,"Socializing, relaxing, and leisure",TUU10101AA01035011,Relaxing and leisure,2.79,2.9,2.81,2.83,2.92,3.08,3.16,2.98,3.04,3.12,3.03,3.1,3.08,3.01,3.02,3.14
TUU10101AA01027741,Travel related to leisure and sports,104,Men,2,TUU10101AA01013749,Leisure and sports (includes travel),,,,,0.23,0.24,0.26,0.26,0.25,0.23,0.23,0.24,0.23,0.24,0.24,0.21,0.21,0.23,0.23,0.2
TUU10101AA01015159,"Organizational, civic, and religious activities",105,Men,1,,,,,,,0.29,0.27,0.26,0.28,0.28,0.3,0.31,0.3,0.3,0.27,0.29,0.27,0.3,0.29,0.26,0.26
TUU10101AA01028150,Volunteering (organizational and civic activities),106,Men,1,,,,,,,0.13,0.12,0.13,0.13,0.13,0.14,0.15,0.12,0.13,0.11,0.13,0.12,0.13,0.12,0.11,0.12
TUU10101AA01015735,"Telephone calls, mail, and e-mail (includes travel)",107,Men,1,,,,,,,0.13,0.11,0.11,0.11,0.11,0.13,0.13,0.12,0.11,0.11,0.1,0.1,0.11,0.12,0.1,0.09
TUU10101AA01016074,"Other activities, not elsewhere classified (includes misc. travel and data codes)",108,Men,1,,,,,,,0.18,0.13,0.16,0.2,0.21,0.16,0.23,0.33,0.28,0.22,0.27,0.23,0.19,0.18,0.18,0.24
TUU10101AA01029823,"Travel related to organizational, civic, and religious activities",109,Men,2,TUU10101AA01028150,Volunteering (organizational and civic activities),,,,,0.04,0.04,0.03,0.05,0.04,0.04,0.04,0.04,0.04,0.04,0.03,0.04,0.04,0.04,0.03,0.03
TUU10101AA01037916,Government services,110,Men,2,TUU10101AA01012804,Purchasing goods and services (includes travel),,,,,,,,0.01,,,0.01,0.01,,,,,,,,
TUU10101AA01038006,Household and personal messages,111,Men,2,TUU10101AA01015735,"Telephone calls, mail, and e-mail (includes travel)",,,,,0.06,0.05,0.05,0.06,0.06,0.06,0.06,0.06,0.05,0.05,0.04,0.03,0.05,0.05,0.04,0.04
TUU10101AA01018014,Sleeping,112,Women,2,TUU10101AA01008981,Personal care activities (includes travel),,,,,8.62,8.54,8.65,8.66,8.58,8.6,8.69,8.73,8.78,8.82,8.8,8.86,8.85,8.84,8.85,8.83
TUU10101AA01018236,Grooming,113,Women,2,TUU10101AA01008981,Personal care activities (includes travel),,,,,0.77,0.77,0.77,0.77,0.78,0.77,0.78,0.78,0.8,0.76,0.8,0.79,0.8,0.8,0.78,0.79
TUU10101AA01031848,Health-related self care,114,Women,2,TUU10101AA01008981,Personal care activities (includes travel),,,,,0.09,0.12,0.12,0.11,0.08,0.11,0.09,0.11,0.09,0.09,0.12,0.1,0.13,0.08,0.1,0.08
TUU10101AA01031934,Personal activities,115,Women,2,TUU10101AA01008981,Personal care activities (includes travel),,,,,0.01,0.01,0.01,0.01,0.01,0.01,0.01,0.01,,,,0.01,,0.01,0.01,
TUU10101AA01018457,Housework,116,Women,2,TUU10101AA01009533,Household activities (includes travel),,,,,1.02,0.97,1,0.98,1.01,0.93,0.96,0.9,0.9,0.94,0.91,0.85,0.89,0.9,0.88,0.86
TUU10101AA01047511,Interior cleaning,117,Women,3,TUU10101AA01009533,Household activities (includes travel),TUU10101AA01018384,Housework,,,0.59,0.56,0.6,0.59,0.61,0.57,0.62,0.55,0.57,0.6,0.55,0.48,0.51,0.51,0.54,0.47
TUU10101AA01047700,Laundry,118,Women,3,TUU10101AA01009533,Household activities (includes travel),TUU10101AA01018384,Housework,,,0.32,0.32,0.3,0.3,0.3,0.29,0.27,0.29,0.26,0.27,0.28,0.28,0.29,0.3,0.26,0.29
TUU10101AA01047889,"Storing interior household items, including food",119,Women,3,TUU10101AA01009533,Household activities (includes travel),TUU10101AA01018384,Housework,,,0.04,0.04,0.03,0.03,0.03,0.02,0.03,0.03,0.03,0.03,0.03,0.03,0.03,0.03,0.04,0.03
TUU10101AA01018679,Food preparation and cleanup,120,Women,2,TUU10101AA01009533,Household activities (includes travel),,,,,0.83,0.79,0.78,0.79,0.78,0.77,0.81,0.82,0.82,0.78,0.83,0.85,0.86,0.85,0.86,0.83
TUU10101AA01048078,Food and drink preparation,121,Women,3,TUU10101AA01009533,Household activities (includes travel),TUU10101AA01009533,Household activities (includes travel),,,0.61,0.58,0.57,0.58,0.57,0.57,0.6,0.63,0.63,0.6,0.64,0.64,0.63,0.64,0.65,0.63
TUU10101AA01048267,Kitchen and food cleanup,122,Women,3,TUU10101AA01009533,Household activities (includes travel),TUU10101AA01009533,Household activities (includes travel),,,0.21,0.21,0.2,0.2,0.19,0.19,0.2,0.18,0.19,0.17,0.18,0.19,0.21,0.19,0.19,0.19
TUU10101AA01032120,"Interior maintenance, repair, and decoration",123,Women,2,TUU10101AA01009533,Household activities (includes travel),,,,,0.06,0.08,0.07,0.07,0.05,0.04,0.07,0.04,0.04,0.04,0.05,0.05,0.04,0.05,0.04,0.05
TUU10101AA01032218,"Exterior maintenance, repair, and decoration",124,Women,2,TUU10101AA01009533,Household activities (includes travel),,,,,0.03,0.03,0.04,0.02,0.03,0.03,0.03,0.03,0.04,0.03,0.03,0.02,0.03,0.02,0.03,0.03
TUU10101AA01018896,Lawn and garden care,125,Women,2,TUU10101AA01009533,Household activities (includes travel),,,,,0.14,0.15,0.14,0.14,0.13,0.13,0.13,0.12,0.13,0.13,0.12,0.13,0.13,0.14,0.11,0.11
TUU10101AA01032367,Animal and pet care,126,Women,2,TUU10101AA01009533,Household activities (includes travel),,,,,0.09,0.09,0.1,0.1,0.1,0.1,0.11,0.11,0.1,0.11,0.11,0.12,0.12,0.14,0.13,0.14
TUU10101AA01048456,Care for animals and pets (not veterinary care),127,Women,3,TUU10101AA01009533,Household activities (includes travel),TUU10101AA01032334,Animal and pet care,,,,,,,,0.06,0.05,0.06,0.06,0.06,0.06,0.07,0.07,0.08,0.07,0.08
TUU10101AA01048645,"Walking, exercising, and playing with animals",128,Women,3,TUU10101AA01009533,Household activities (includes travel),TUU10101AA01032334,Animal and pet care,,,,,,,,0.04,0.05,0.06,0.05,0.05,0.05,0.06,0.06,0.06,0.06,0.06
TUU10101AA01032466,Vehicle care (by self),129,Women,2,TUU10101AA01009533,Household activities (includes travel),,,,,0.01,0.02,0.01,0.01,0.01,0.01,0.01,0.01,0.01,0.01,0.01,0.01,0.01,0.01,0.01,0.01
TUU10101AA01032560,"Appliance, tool, and toy maintenance (by self)",130,Women,2,TUU10101AA01009533,Household activities (includes travel),,,,,0.01,0.01,0.01,0.01,0.01,0.01,0.01,,0.01,0.01,0.01,0.01,0.01,0.01,0.01,
TUU10101AA01048834,Financial management,131,Women,3,TUU10101AA01009533,Household activities (includes travel),TUU10101AA01023911,Household management,,,0.04,0.04,0.03,0.03,0.05,0.04,0.04,0.04,0.03,0.03,0.04,0.03,0.03,0.03,0.03,0.02
TUU10101AA01049023,Household and personal organization and planning,132,Women,3,TUU10101AA01009533,Household activities (includes travel),TUU10101AA01023911,Household management,,,0.12,0.12,0.13,0.11,0.11,0.12,0.12,0.11,0.11,0.12,0.12,0.1,0.13,0.13,0.11,0.13
TUU10101AA01032656,Household and personal mail and messages,133,Women,3,TUU10101AA01015735,"Telephone calls, mail, and e-mail (includes travel)",TUU10101AA01038006,Household and personal messages,,,0.04,0.04,0.04,0.03,0.03,0.03,0.03,0.03,0.02,0.02,0.02,0.02,0.03,0.02,0.02,0.02
TUU10101AA01032755,Household and personal e-mail and messages,134,Women,3,TUU10101AA01015735,"Telephone calls, mail, and e-mail (includes travel)",TUU10101AA01038006,Household and personal messages,,,0.04,0.04,0.04,0.05,0.05,0.07,0.06,0.05,0.05,0.03,0.04,0.04,0.04,0.04,0.03,0.03
TUU10101AA01032853,Caring for and helping household children (except activities related to education and health),135,Women,3,TUU10101AA01010523,Caring for and helping household members (includes travel),TUU10101AA01024549,Caring for and helping household children under 18,,,0.54,0.54,0.53,0.52,0.55,0.5,0.53,0.5,0.49,0.48,0.49,0.5,0.5,0.49,0.49,0.5
TUU10101AA01049212,Physical care for household children,136,Women,4,TUU10101AA01010523,Caring for and helping household members (includes travel),TUU10101AA01024479,Caring for and helping household children under 18,TUU10101AA01032787,Caring for and helping household children (except activities related to education and health),0.28,0.27,0.25,0.25,0.25,0.25,0.24,0.23,0.23,0.21,0.21,0.24,0.21,0.23,0.21,0.23
TUU10101AA01049401,Reading to/with household children,137,Women,4,TUU10101AA01010523,Caring for and helping household members (includes travel),TUU10101AA01024479,Caring for and helping household children under 18,TUU10101AA01032787,Caring for and helping household children (except activities related to education and health),0.02,0.02,0.02,0.02,0.02,0.02,0.02,0.02,0.02,0.02,0.02,0.02,0.02,0.02,0.02,0.02
TUU10101AA01049590,"Playing with household children, not sports",138,Women,4,TUU10101AA01010523,Caring for and helping household members (includes travel),TUU10101AA01024479,Caring for and helping household children under 18,TUU10101AA01032787,Caring for and helping household children (except activities related to education and health),0.1,0.11,0.1,0.12,0.13,0.1,0.12,0.12,0.13,0.12,0.13,0.12,0.12,0.1,0.1,0.11
TUU10101AA01049779,Talking with/listening to household children,139,Women,4,TUU10101AA01010523,Caring for and helping household members (includes travel),TUU10101AA01024479,Caring for and helping household children under 18,TUU10101AA01032787,Caring for and helping household children (except activities related to education and health),0.03,0.03,0.03,0.03,0.03,0.02,0.02,0.02,0.02,0.02,0.03,0.02,0.03,0.02,0.03,0.02
TUU10101AA01049968,Attending household children's events,140,Women,4,TUU10101AA01010523,Caring for and helping household members (includes travel),TUU10101AA01024479,Caring for and helping household children under 18,TUU10101AA01032787,Caring for and helping household children (except activities related to education and health),0.03,0.02,0.03,0.03,0.02,0.03,0.03,0.03,0.02,0.03,0.03,0.03,0.02,0.03,0.03,0.03
TUU10101AA01032942,Activities related to household children's education,141,Women,3,TUU10101AA01010523,Caring for and helping household members (includes travel),TUU10101AA01024549,Caring for and helping household children under 18,,,0.06,0.05,0.06,0.05,0.05,0.05,0.05,0.05,0.06,0.06,0.06,0.06,0.06,0.06,0.04,0.05
TUU10101AA01050157,Helping household children with homework,142,Women,4,TUU10101AA01010523,Caring for and helping household members (includes travel),TUU10101AA01024479,Caring for and helping household children under 18,TUU10101AA01032787,Caring for and helping household children (except activities related to education and health),0.04,0.04,0.04,0.04,0.04,0.04,0.04,0.04,0.04,0.04,0.05,0.05,0.04,0.04,0.03,0.04
TUU10101AA01033013,Activities related to household children's health,143,Women,3,TUU10101AA01010523,Caring for and helping household members (includes travel),TUU10101AA01024549,Caring for and helping household children under 18,,,0.02,0.02,0.02,0.02,0.02,0.02,0.02,0.01,0.01,0.01,0.01,0.02,0.02,0.01,0.02,0.01
TUU10101AA01033100,Caring for household adults,144,Women,3,TUU10101AA01010523,Caring for and helping household members (includes travel),TUU10101AA01024761,Caring for and helping household adults,,,0.03,0.04,0.02,0.04,0.03,0.03,0.02,0.02,0.03,0.03,0.03,0.05,0.03,0.03,0.04,0.04
TUU10101AA01050346,Physical care for household adults,145,Women,4,TUU10101AA01010523,Caring for and helping household members (includes travel),TUU10101AA01024761,Caring for and helping household adults,TUU10101AA01033068,Caring for household adults,0.02,0.02,0.01,0.02,0.02,0.02,0.01,0.01,0.01,0.01,0.02,0.03,0.02,0.02,0.02,0.02
TUU10101AA01033199,Helping household adults,146,Women,3,TUU10101AA01010523,Caring for and helping household members (includes travel),TUU10101AA01024761,Caring for and helping household adults,,,0.02,0.02,0.01,0.01,0.01,0.01,0.01,0.01,0.01,0.01,0.02,0.01,0.01,0.02,0.01,0.02
TUU10101AA01033311,Caring for nonhousehold adults,147,Women,3,TUU10101AA01011323,Caring for and helping nonhousehold members (includes travel),TUU10101AA01025392,Caring for and helping nonhousehold adults,,,0.04,0.04,0.02,0.02,0.02,0.02,0.01,0.02,0.02,0.01,0.01,0.02,0.02,0.01,0.02,0.02
TUU10101AA01033407,Helping nonhousehold adults,148,Women,3,TUU10101AA01011323,Caring for and helping nonhousehold members (includes travel),TUU10101AA01025392,Caring for and helping nonhousehold adults,,,0.06,0.07,0.06,0.06,0.05,0.06,0.05,0.06,0.05,0.04,0.05,0.04,0.05,0.05,0.06,0.05
TUU10101AA01019366,Working,149,Women,2,TUU10101AA01012139,Working and work-related activities (includes travel),,,,,2.73,2.84,2.84,2.87,3.02,2.85,2.71,2.79,2.75,2.78,2.64,2.78,2.75,2.73,2.74,2.86
TUU10101AA01019616,Work-related activities,150,Women,2,TUU10101AA01012139,Working and work-related activities (includes travel),,,,,0.01,,0.01,,,,,,0.01,,,,,,,
TUU10101AA01033585,Other income-generating activities,151,Women,2,TUU10101AA01012139,Working and work-related activities (includes travel),,,,,0.02,0.03,0.02,0.02,0.02,0.03,0.03,0.03,0.05,0.03,0.02,0.02,0.04,0.03,0.03,0.01
TUU10101AA01033681,Job search and interviewing,152,Women,2,TUU10101AA01012139,Working and work-related activities (includes travel),,,,,0.02,0.01,0.02,0.02,0.02,0.02,0.03,0.03,0.04,0.03,0.03,0.03,0.02,0.02,0.03,0.02
TUU10101AA01019894,Attending class,153,Women,2,TUU10101AA01012479,Educational activities (includes travel),,,,,0.12,0.13,0.11,0.14,0.11,0.13,0.11,0.09,0.1,0.12,0.07,0.13,0.1,0.14,0.11,0.13
TUU10101AA01050535,"Taking class for degree, certification, or licensure",154,Women,3,TUU10101AA01012479,Educational activities (includes travel),TUU10101AA01019805,Attending class,,,0.11,0.1,0.08,0.11,0.09,0.11,0.1,0.08,0.09,0.11,0.06,0.11,0.08,0.13,0.1,0.12
TUU10101AA01020126,Homework and research,155,Women,2,TUU10101AA01012479,Educational activities (includes travel),,,,,0.11,0.12,0.1,0.13,0.12,0.17,0.13,0.13,0.13,0.13,0.14,0.15,0.14,0.16,0.12,0.15
TUU10101AA01020348,Consumer goods purchases,156,Women,2,TUU10101AA01012804,Purchasing goods and services (includes travel),,,,,0.49,0.51,0.5,0.52,0.49,0.48,0.46,0.45,0.44,0.43,0.46,0.45,0.44,0.44,0.42,0.42
TUU10101AA01033923,Grocery shopping,157,Women,3,TUU10101AA01012804,Purchasing goods and services (includes travel),TUU10101AA01020275,Consumer goods purchases,,,0.14,0.14,0.14,0.14,0.12,0.13,0.14,0.13,0.14,0.12,0.14,0.15,0.13,0.13,0.14,0.14
TUU10101AA01020567,Professional and personal care services,158,Women,2,TUU10101AA01012804,Purchasing goods and services (includes travel),,,,,0.12,0.11,0.11,0.11,0.12,0.11,0.11,0.1,0.1,0.1,0.1,0.12,0.12,0.11,0.1,0.1
TUU10101AA01034073,Financial services and banking,159,Women,3,TUU10101AA01012804,Purchasing goods and services (includes travel),TUU10101AA01020496,Professional and personal care services,,,0.01,0.01,0.01,0.01,0.01,0.01,0.01,0.01,0.01,0.01,0.01,0.01,0.01,0.01,,0.01
TUU10101AA01034167,Medical and care services,160,Women,3,TUU10101AA01012804,Purchasing goods and services (includes travel),TUU10101AA01020496,Professional and personal care services,,,0.06,0.06,0.06,0.05,0.07,0.06,0.07,0.06,0.06,0.06,0.07,0.07,0.07,0.07,0.06,0.07
TUU10101AA01034265,Personal care services,161,Women,3,TUU10101AA01012804,Purchasing goods and services (includes travel),TUU10101AA01020496,Professional and personal care services,,,0.04,0.04,0.03,0.03,0.04,0.03,0.02,0.02,0.03,0.02,0.02,0.03,0.03,0.03,0.02,0.02
TUU10101AA01034361,Household services,162,Women,2,TUU10101AA01012804,Purchasing goods and services (includes travel),,,,,0.02,0.02,0.02,0.01,0.01,0.01,0.02,0.02,0.01,0.02,0.01,0.01,0.02,0.02,0.01,0.01
TUU10101AA01034440,"Home maintenance, repair, decoration, and construction (not done by self)",163,Women,3,TUU10101AA01012804,Purchasing goods and services (includes travel),TUU10101AA01034329,Household services,,,0.01,0.01,0.01,,0.01,0.01,0.01,0.01,,,,0.01,0.01,0.01,0.01,
TUU10101AA01034523,Vehicle maintenance and repair services (not done by self),164,Women,3,TUU10101AA01012804,Purchasing goods and services (includes travel),TUU10101AA01034329,Household services,,,0.01,0.01,0.01,0.01,,0.01,0.01,0.01,,0.01,0.01,,0.01,0.01,0.01,0.01
TUU10101AA01034569,Civic obligations and participation,165,Women,2,TUU10101AA01028150,Volunteering (organizational and civic activities),,,,,,,,,,,,,,,,,,,,
TUU10101AA01034648,Eating and drinking,166,Women,2,TUU10101AA01013389,Eating and drinking (includes travel),,,,,1.08,1.08,1.09,1.11,1.1,1.08,1.09,1.1,1.1,1.1,1.09,1.04,1.03,1.05,1.03,1.04
TUU10101AA01034747,"Socializing, relaxing, and leisure",167,Women,2,TUU10101AA01013749,Leisure and sports (includes travel),,,,,4.37,4.41,4.35,4.31,4.28,4.44,4.48,4.41,4.45,4.51,4.53,4.5,4.43,4.34,4.57,4.44
TUU10101AA01034846,Socializing and communicating (except social events),168,Women,4,TUU10101AA01013749,Leisure and sports (includes travel),TUU10101AA01034714,"Socializing, relaxing, and leisure",TUU10101AA01026940,Socializing and communicating,0.71,0.67,0.68,0.7,0.67,0.67,0.68,0.64,0.65,0.63,0.7,0.66,0.64,0.59,0.59,0.62
TUU10101AA01034945,Attending or hosting social events,169,Women,4,TUU10101AA01013749,Leisure and sports (includes travel),TUU10101AA01034714,"Socializing, relaxing, and leisure",TUU10101AA01026940,Socializing and communicating,0.11,0.11,0.09,0.08,0.09,0.08,0.08,0.08,0.11,0.1,0.08,0.07,0.08,0.08,0.1,0.07
TUU10101AA01035044,Relaxing and leisure,170,Women,3,TUU10101AA01013749,Leisure and sports (includes travel),TUU10101AA01034714,"Socializing, relaxing, and leisure",,,3.45,3.51,3.49,3.43,3.42,3.61,3.64,3.61,3.61,3.7,3.67,3.69,3.63,3.6,3.78,3.65
TUU10101AA01021095,Relaxing and thinking,171,Women,4,TUU10101AA01013749,Leisure and sports (includes travel),TUU10101AA01034714,"Socializing, relaxing, and leisure",TUU10101AA01035011,Relaxing and leisure,0.33,0.29,0.31,0.3,0.26,0.27,0.26,0.3,0.3,0.26,0.29,0.25,0.28,0.31,0.33,0.31
TUU10101AA01021316,Playing games,172,Women,4,TUU10101AA01013749,Leisure and sports (includes travel),TUU10101AA01034714,"Socializing, relaxing, and leisure",TUU10101AA01035011,Relaxing and leisure,0.12,0.13,0.14,0.12,0.14,0.15,0.18,0.15,0.15,0.15,0.13,0.17,0.15,0.18,0.21,0.18
TUU10101AA01021539,Computer use for leisure (excluding games),173,Women,4,TUU10101AA01013749,Leisure and sports (includes travel),TUU10101AA01034714,"Socializing, relaxing, and leisure",TUU10101AA01035011,Relaxing and leisure,0.09,0.11,0.12,0.09,0.1,0.13,0.12,0.18,0.17,0.18,0.19,0.19,0.17,0.14,0.17,0.16
TUU10101AA01021834,Reading for personal interest,174,Women,4,TUU10101AA01013749,Leisure and sports (includes travel),TUU10101AA01034714,"Socializing, relaxing, and leisure",TUU10101AA01035011,Relaxing and leisure,0.42,0.45,0.45,0.43,0.43,0.41,0.43,0.36,0.36,0.4,0.4,0.38,0.38,0.33,0.34,0.29
TUU10101AA01035179,Arts and entertainment (other than sports),175,Women,3,TUU10101AA01013749,Leisure and sports (includes travel),TUU10101AA01034714,"Socializing, relaxing, and leisure",,,0.1,0.11,0.09,0.1,0.09,0.07,0.08,0.08,0.08,0.07,0.08,0.08,0.08,0.07,0.1,0.1
TUU10101AA01035278,"Sports, exercise, and recreation",176,Women,2,TUU10101AA01013749,Leisure and sports (includes travel),,,,,0.22,0.21,0.21,0.2,0.23,0.21,0.21,0.2,0.23,0.24,0.21,0.23,0.24,0.25,0.23,0.22
TUU10101AA01035377,"Participating in sports, exercise, or recreation",177,Women,3,TUU10101AA01013749,Leisure and sports (includes travel),TUU10101AA01035245,"Sports, exercise, and recreation",,,0.19,0.18,0.19,0.17,0.2,0.18,0.2,0.19,0.21,0.22,0.19,0.19,0.22,0.23,0.2,0.2
TUU10101AA01051072,Walking,178,Women,4,TUU10101AA01013749,Leisure and sports (includes travel),TUU10101AA01035245,"Sports, exercise, and recreation",TUU10101AA01035344,"Participating in sports, exercise, or recreation",0.05,0.04,0.05,0.05,0.05,0.04,0.05,0.04,0.05,0.06,0.05,0.05,0.05,0.07,0.06,0.06
TUU10101AA01035473,Attending sporting or recreational events,179,Women,3,TUU10101AA01013749,Leisure and sports (includes travel),TUU10101AA01035245,"Sports, exercise, and recreation",,,0.03,0.03,0.02,0.03,0.03,0.03,0.02,0.02,0.02,0.02,0.02,0.03,0.02,0.02,0.02,0.02
TUU10101AA01022049,Religious and spiritual activities,180,Women,2,TUU10101AA01015159,"Organizational, civic, and religious activities",,,,,0.16,0.13,0.15,0.13,0.18,0.17,0.17,0.18,0.19,0.18,0.17,0.17,0.18,0.18,0.16,0.17
TUU10101AA01051261,Attending religious services,181,Women,3,TUU10101AA01015159,"Organizational, civic, and religious activities",TUU10101AA01021980,Religious and spiritual activities,,,0.12,0.11,0.13,0.11,0.12,0.1,0.1,0.1,0.12,0.11,0.1,0.1,0.1,0.11,0.09,0.09
TUU10101AA01051450,Participation in religious practices,182,Women,3,TUU10101AA01015159,"Organizational, civic, and religious activities",TUU10101AA01021980,Religious and spiritual activities,,,0.04,0.02,0.02,0.02,0.05,0.05,0.05,0.06,0.05,0.06,0.05,0.05,0.06,0.05,0.05,0.07
TUU10101AA01035623,Volunteer activities,183,Women,2,TUU10101AA01028150,Volunteering (organizational and civic activities),,,,,0.15,0.16,0.15,0.13,0.18,0.16,0.15,0.18,0.16,0.15,0.15,0.15,0.15,0.14,0.18,0.14
TUU10101AA01035720,Administrative and support activities (volunteering),184,Women,3,TUU10101AA01028150,Volunteering (organizational and civic activities),TUU10101AA01035590,Volunteer activities,,,0.04,0.05,0.05,0.04,0.04,0.05,0.05,0.05,0.05,0.05,0.04,0.05,0.05,0.04,0.05,0.03
TUU10101AA01035817,Social service and care activities (volunteering),185,Women,3,TUU10101AA01028150,Volunteering (organizational and civic activities),TUU10101AA01035590,Volunteer activities,,,0.04,0.04,0.04,0.03,0.04,0.04,0.04,0.05,0.04,0.04,0.05,0.05,0.05,0.04,0.05,0.05
TUU10101AA01035906,"Indoor and outdoor maintenance, building, and cleanup activities (volunteering)",186,Women,3,TUU10101AA01028150,Volunteering (organizational and civic activities),TUU10101AA01035590,Volunteer activities,,,0.01,0.01,,,0.01,0.01,,0.01,0.01,0.01,,,,,,0.01
TUU10101AA01035993,Participating in performance and cultural activities (volunteering),187,Women,3,TUU10101AA01028150,Volunteering (organizational and civic activities),TUU10101AA01035590,Volunteer activities,,,0.01,0.01,0.01,0.01,0.01,0.01,0.01,0.01,0.01,0.01,0.02,0.01,0.01,0.01,0.01,0.01
TUU10101AA01036081,"Attending meetings, conferences, and training (volunteering)",188,Women,3,TUU10101AA01028150,Volunteering (organizational and civic activities),TUU10101AA01035590,Volunteer activities,,,0.02,0.02,0.01,0.01,0.02,0.02,0.02,0.02,0.02,0.02,0.02,0.02,0.02,0.01,0.01,0.01
TUU10101AA01036176,Telephone calls (to or from),189,Women,2,TUU10101AA01015735,"Telephone calls, mail, and e-mail (includes travel)",,,,,0.11,0.15,0.14,0.17,0.14,0.17,0.15,0.13,0.13,0.14,0.13,0.12,0.13,0.13,0.12,0.13
TUU10101AA01036274,Travel related to personal care,190,Women,2,TUU10101AA01008981,Personal care activities (includes travel),,,,,0.01,0.01,0.02,0.01,0.01,0.01,0.02,0.01,0.02,0.02,0.01,0.02,0.02,0.03,0.02,0.02
TUU10101AA01036373,Travel related to household activities,191,Women,2,TUU10101AA01009533,Household activities (includes travel),,,,,0.04,0.05,0.04,0.04,0.04,0.04,0.05,0.04,0.04,0.04,0.04,0.04,0.04,0.04,0.04,0.05
TUU10101AA01022269,Travel related to caring for and helping household members,192,Women,2,TUU10101AA01010523,Caring for and helping household members (includes travel),,,,,0.12,0.11,0.12,0.1,0.1,0.11,0.1,0.1,0.1,0.09,0.11,0.11,0.11,0.11,0.11,0.11
TUU10101AA01022490,Travel related to caring for and helping nonhousehold members,193,Women,2,TUU10101AA01011323,Caring for and helping nonhousehold members (includes travel),,,,,0.09,0.08,0.07,0.07,0.07,0.07,0.07,0.07,0.06,0.06,0.06,0.05,0.06,0.07,0.06,0.06
TUU10101AA01022713,Travel related to work,194,Women,2,TUU10101AA01012139,Working and work-related activities (includes travel),,,,,0.22,0.22,0.23,0.23,0.22,0.21,0.21,0.23,0.23,0.22,0.21,0.22,0.22,0.22,0.23,0.24
TUU10101AA01036614,Travel related to education,195,Women,2,TUU10101AA01012479,Educational activities (includes travel),,,,,0.02,0.03,0.02,0.03,0.02,0.03,0.02,0.02,0.02,0.03,0.02,0.02,0.02,0.02,0.02,0.02
TUU10101AA01022935,Travel related to eating and drinking,196,Women,2,TUU10101AA01013389,Eating and drinking (includes travel),,,,,0.12,0.12,0.11,0.11,0.11,0.11,0.11,0.11,0.11,0.11,0.11,0.09,0.1,0.11,0.1,0.11
TUU10101AA01036761,Travel related to telephone calls,197,Women,2,TUU10101AA01015735,"Telephone calls, mail, and e-mail (includes travel)",,,,,,,,,,,0.01,,,,,,,,,
TUU10101AA01009097,Personal care activities (includes travel),198,Women,1,,,,,,,9.5,9.45,9.56,9.56,9.46,9.5,9.59,9.64,9.69,9.69,9.73,9.77,9.8,9.76,9.76,9.73
TUU10101AA01009649,Household activities (includes travel),199,Women,1,,,,,,,2.4,2.36,2.36,2.31,2.31,2.21,2.33,2.23,2.23,2.24,2.28,2.21,2.29,2.32,2.25,2.23
TUU10101AA01023985,Household management,200,Women,2,TUU10101AA01009533,Household activities (includes travel),,,,,0.16,0.17,0.17,0.15,0.16,0.16,0.16,0.15,0.15,0.15,0.16,0.13,0.17,0.16,0.14,0.16
TUU10101AA01010636,Caring for and helping household members (includes travel),201,Women,1,,,,,,,0.79,0.79,0.76,0.75,0.76,0.73,0.73,0.7,0.7,0.68,0.72,0.75,0.72,0.72,0.71,0.72
TUU10101AA01024618,Caring for and helping household children under 18,202,Women,2,TUU10101AA01010523,Caring for and helping household members (includes travel),,,,,0.62,0.62,0.61,0.6,0.61,0.57,0.6,0.57,0.56,0.55,0.56,0.58,0.57,0.56,0.55,0.56
TUU10101AA01024832,Caring for and helping household adults,203,Women,2,TUU10101AA01010523,Caring for and helping household members (includes travel),,,,,0.06,0.06,0.03,0.05,0.04,0.04,0.03,0.03,0.04,0.04,0.05,0.06,0.04,0.05,0.05,0.05
TUU10101AA01011436,Caring for and helping nonhousehold members (includes travel),204,Women,1,,,,,,,0.31,0.3,0.25,0.24,0.23,0.27,0.22,0.24,0.22,0.2,0.21,0.21,0.22,0.23,0.22,0.24
TUU10101AA01025245,Caring for and helping nonhousehold children,205,Women,2,TUU10101AA01011323,Caring for and helping nonhousehold members (includes travel),,,,,0.12,0.12,0.1,0.09,0.09,0.13,0.09,0.09,0.1,0.09,0.1,0.1,0.08,0.1,0.08,0.12
TUU10101AA01025463,Caring for and helping nonhousehold adults,206,Women,2,TUU10101AA01011323,Caring for and helping nonhousehold members (includes travel),,,,,0.1,0.1,0.08,0.08,0.07,0.07,0.07,0.08,0.07,0.05,0.06,0.06,0.07,0.07,0.08,0.06
TUU10101AA01012255,Working and work-related activities (includes travel),207,Women,1,,,,,,,3,3.1,3.12,3.15,3.28,3.11,2.99,3.09,3.07,3.06,2.9,3.05,3.03,2.99,3.02,3.14
TUU10101AA01012580,Educational activities (includes travel),208,Women,1,,,,,,,0.27,0.29,0.24,0.31,0.25,0.33,0.28,0.24,0.26,0.29,0.23,0.31,0.27,0.33,0.27,0.29
TUU10101AA01012920,Purchasing goods and services (includes travel),209,Women,1,,,,,,,0.95,0.98,0.98,0.98,0.94,0.94,0.89,0.88,0.84,0.84,0.88,0.87,0.9,0.9,0.85,0.83
TUU10101AA01026283,Travel related to purchasing goods and services,210,Women,2,TUU10101AA01012804,Purchasing goods and services (includes travel),,,,,0.32,0.33,0.33,0.33,0.32,0.33,0.3,0.31,0.28,0.29,0.3,0.3,0.32,0.33,0.31,0.3
TUU10101AA01013505,Eating and drinking (includes travel),211,Women,1,,,,,,,1.2,1.2,1.2,1.23,1.22,1.19,1.2,1.22,1.21,1.21,1.2,1.13,1.13,1.17,1.13,1.16
TUU10101AA01013871,Leisure and sports (includes travel),212,Women,1,,,,,,,4.79,4.82,4.78,4.72,4.72,4.84,4.9,4.8,4.88,4.95,4.94,4.92,4.86,4.78,4.98,4.85
TUU10101AA01027019,Socializing and communicating,213,Women,3,TUU10101AA01013749,Leisure and sports (includes travel),TUU10101AA01034714,"Socializing, relaxing, and leisure",,,0.82,0.78,0.77,0.78,0.76,0.75,0.76,0.72,0.76,0.73,0.78,0.72,0.72,0.67,0.69,0.69
TUU10101AA01027304,Watching TV,214,Women,4,TUU10101AA01013749,Leisure and sports (includes travel),TUU10101AA01034714,"Socializing, relaxing, and leisure",TUU10101AA01035011,Relaxing and leisure,2.42,2.46,2.39,2.39,2.4,2.58,2.57,2.55,2.56,2.64,2.61,2.62,2.57,2.55,2.63,2.63
TUU10101AA01027815,Travel related to leisure and sports,215,Women,2,TUU10101AA01013749,Leisure and sports (includes travel),,,,,0.2,0.2,0.22,0.22,0.21,0.2,0.21,0.19,0.2,0.2,0.19,0.19,0.2,0.19,0.18,0.18
TUU10101AA01015272,"Organizational, civic, and religious activities",216,Women,1,,,,,,,0.35,0.34,0.34,0.31,0.42,0.37,0.36,0.4,0.4,0.38,0.36,0.37,0.37,0.36,0.39,0.35
TUU10101AA01028221,Volunteering (organizational and civic activities),217,Women,1,,,,,,,0.15,0.16,0.15,0.13,0.18,0.16,0.15,0.18,0.16,0.15,0.15,0.15,0.16,0.14,0.18,0.14
TUU10101AA01015848,"Telephone calls, mail, and e-mail (includes travel)",218,Women,1,,,,,,,0.23,0.23,0.22,0.24,0.22,0.27,0.24,0.21,0.2,0.2,0.19,0.18,0.2,0.19,0.18,0.19
TUU10101AA01016186,"Other activities, not elsewhere classified (includes misc. travel and data codes)",219,Women,1,,,,,,,0.2,0.14,0.18,0.21,0.19,0.23,0.25,0.36,0.29,0.25,0.35,0.24,0.2,0.26,0.23,0.27
TUU10101AA01029894,"Travel related to organizational, civic, and religious activities",220,Women,2,TUU10101AA01028150,Volunteering (organizational and civic activities),,,,,0.04,0.04,0.05,0.04,0.05,0.04,0.04,0.04,0.06,0.05,0.04,0.05,0.04,0.04,0.05,0.04
TUU10101AA01037942,Government services,221,Women,2,TUU10101AA01012804,Purchasing goods and services (includes travel),,,,,,,0.01,0.01,0.01,,,0.01,,,0.01,,,0.01,,
TUU10101AA01038039,Household and personal messages,222,Women,2,TUU10101AA01015735,"Telephone calls, mail, and e-mail (includes travel)",,,,,0.08,0.07,0.08,0.08,0.08,0.1,0.09,0.08,0.07,0.06,0.06,0.06,0.07,0.06,0.06,0.05
TUU10101AA01017866,Sleeping,223,All,2,TUU10101AA01008981,Personal care activities (includes travel),,,,,8.52,8.48,8.57,8.58,8.52,8.55,8.62,8.63,8.68,8.68,8.7,8.74,8.77,8.73,8.74,8.78
TUU10101AA01018088,Grooming,224,All,2,TUU10101AA01008981,Personal care activities (includes travel),,,,,0.66,0.66,0.66,0.66,0.66,0.66,0.66,0.68,0.68,0.66,0.68,0.68,0.68,0.69,0.67,0.67
TUU10101AA01031782,Health-related self care,225,All,2,TUU10101AA01008981,Personal care activities (includes travel),,,,,0.08,0.1,0.11,0.1,0.07,0.09,0.08,0.09,0.07,0.07,0.09,0.08,0.1,0.07,0.08,0.06
TUU10101AA01031880,Personal activities,226,All,2,TUU10101AA01008981,Personal care activities (includes travel),,,,,0.02,0.01,0.02,0.01,0.01,0.02,0.01,0.01,0.01,0.01,0.01,0.01,0.01,0.01,0.01,0.01
TUU10101AA01018310,Housework,227,All,2,TUU10101AA01009533,Household activities (includes travel),,,,,0.64,0.62,0.63,0.63,0.66,0.6,0.63,0.6,0.6,0.62,0.6,0.57,0.59,0.6,0.57,0.56
TUU10101AA01047385,Interior cleaning,228,All,3,TUU10101AA01009533,Household activities (includes travel),TUU10101AA01018384,Housework,,,0.38,0.37,0.39,0.39,0.42,0.38,0.41,0.37,0.39,0.41,0.37,0.35,0.35,0.36,0.36,0.32
TUU10101AA01047574,Laundry,229,All,3,TUU10101AA01009533,Household activities (includes travel),TUU10101AA01018384,Housework,,,0.2,0.19,0.19,0.19,0.19,0.18,0.17,0.18,0.17,0.18,0.17,0.18,0.19,0.19,0.17,0.19
TUU10101AA01047763,"Storing interior household items, including food",230,All,3,TUU10101AA01009533,Household activities (includes travel),TUU10101AA01018384,Housework,,,0.03,0.03,0.02,0.02,0.02,0.02,0.02,0.02,0.02,0.02,0.02,0.02,0.02,0.02,0.02,0.02
TUU10101AA01018531,Food preparation and cleanup,231,All,2,TUU10101AA01009533,Household activities (includes travel),,,,,0.56,0.54,0.54,0.56,0.54,0.55,0.57,0.58,0.58,0.55,0.6,0.61,0.62,0.61,0.62,0.61
TUU10101AA01047952,Food and drink preparation,232,All,3,TUU10101AA01009533,Household activities (includes travel),TUU10101AA01009533,Household activities (includes travel),,,0.42,0.4,0.4,0.42,0.41,0.42,0.43,0.46,0.45,0.43,0.47,0.47,0.47,0.48,0.49,0.47
TUU10101AA01048141,Kitchen and food cleanup,233,All,3,TUU10101AA01009533,Household activities (includes travel),TUU10101AA01009533,Household activities (includes travel),,,0.13,0.13,0.13,0.13,0.13,0.12,0.13,0.12,0.12,0.11,0.12,0.13,0.14,0.13,0.13,0.13
TUU10101AA01032054,"Interior maintenance, repair, and decoration",234,All,2,TUU10101AA01009533,Household activities (includes travel),,,,,0.1,0.11,0.09,0.08,0.09,0.07,0.08,0.07,0.06,0.06,0.07,0.07,0.07,0.06,0.06,0.06
TUU10101AA01032153,"Exterior maintenance, repair, and decoration",235,All,2,TUU10101AA01009533,Household activities (includes travel),,,,,0.07,0.06,0.07,0.05,0.06,0.06,0.06,0.06,0.07,0.06,0.05,0.06,0.06,0.05,0.06,0.05
TUU10101AA01018752,Lawn and garden care,236,All,2,TUU10101AA01009533,Household activities (includes travel),,,,,0.21,0.21,0.21,0.21,0.22,0.2,0.21,0.22,0.2,0.19,0.19,0.2,0.21,0.2,0.18,0.18
TUU10101AA01032301,Animal and pet care,237,All,2,TUU10101AA01009533,Household activities (includes travel),,,,,0.08,0.08,0.09,0.09,0.1,0.09,0.09,0.1,0.09,0.1,0.1,0.11,0.11,0.13,0.13,0.12
TUU10101AA01048330,Care for animals and pets (not veterinary care),238,All,3,TUU10101AA01009533,Household activities (includes travel),TUU10101AA01032334,Animal and pet care,,,,,,,,0.05,0.05,0.05,0.05,0.05,0.05,0.06,0.06,0.07,0.07,0.07
TUU10101AA01048519,"Walking, exercising, and playing with animals",239,All,3,TUU10101AA01009533,Household activities (includes travel),TUU10101AA01032334,Animal and pet care,,,,,,,,0.05,0.05,0.05,0.04,0.05,0.05,0.05,0.05,0.05,0.06,0.05
TUU10101AA01032400,Vehicle care (by self),240,All,2,TUU10101AA01009533,Household activities (includes travel),,,,,0.05,0.06,0.05,0.05,0.04,0.04,0.04,0.04,0.04,0.04,0.04,0.05,0.04,0.04,0.04,0.03
TUU10101AA01032495,"Appliance, tool, and toy maintenance (by self)",241,All,2,TUU10101AA01009533,Household activities (includes travel),,,,,0.02,0.02,0.02,0.02,0.02,0.01,0.02,0.02,0.02,0.01,0.02,0.02,0.02,0.02,0.02,0.02
TUU10101AA01048708,Financial management,242,All,3,TUU10101AA01009533,Household activities (includes travel),TUU10101AA01023911,Household management,,,0.04,0.04,0.04,0.03,0.04,0.04,0.04,0.03,0.03,0.03,0.03,0.03,0.03,0.03,0.03,0.03
TUU10101AA01048897,Household and personal organization and planning,243,All,3,TUU10101AA01009533,Household activities (includes travel),TUU10101AA01023911,Household management,,,0.1,0.1,0.11,0.1,0.11,0.09,0.1,0.09,0.1,0.1,0.1,0.09,0.11,0.11,0.1,0.11
TUU10101AA01032590,Household and personal mail and messages,244,All,3,TUU10101AA01015735,"Telephone calls, mail, and e-mail (includes travel)",TUU10101AA01038006,Household and personal messages,,,0.03,0.03,0.03,0.02,0.03,0.02,0.02,0.02,0.02,0.02,0.01,0.02,0.02,0.02,0.02,0.02
TUU10101AA01032689,Household and personal e-mail and messages,245,All,3,TUU10101AA01015735,"Telephone calls, mail, and e-mail (includes travel)",TUU10101AA01038006,Household and personal messages,,,0.04,0.03,0.04,0.04,0.05,0.06,0.06,0.05,0.04,0.03,0.03,0.03,0.03,0.03,0.03,0.03
TUU10101AA01032787,Caring for and helping household children (except activities related to education and health),246,All,3,TUU10101AA01010523,Caring for and helping household members (includes travel),TUU10101AA01024549,Caring for and helping household children under 18,,,0.39,0.4,0.39,0.38,0.4,0.39,0.4,0.38,0.36,0.37,0.37,0.38,0.37,0.37,0.37,0.36
TUU10101AA01049086,Physical care for household children,247,All,4,TUU10101AA01010523,Caring for and helping household members (includes travel),TUU10101AA01024479,Caring for and helping household children under 18,TUU10101AA01032787,Caring for and helping household children (except activities related to education and health),0.18,0.18,0.17,0.16,0.17,0.18,0.17,0.16,0.15,0.15,0.15,0.16,0.15,0.16,0.15,0.15
TUU10101AA01049275,Reading to/with household children,248,All,4,TUU10101AA01010523,Caring for and helping household members (includes travel),TUU10101AA01024479,Caring for and helping household children under 18,TUU10101AA01032787,Caring for and helping household children (except activities related to education and health),0.01,0.01,0.01,0.01,0.02,0.01,0.01,0.01,0.01,0.01,0.01,0.01,0.01,0.01,0.01,0.01
TUU10101AA01049464,"Playing with household children, not sports",249,All,4,TUU10101AA01010523,Caring for and helping household members (includes travel),TUU10101AA01024479,Caring for and helping household children under 18,TUU10101AA01032787,Caring for and helping household children (except activities related to education and health),0.09,0.1,0.09,0.1,0.11,0.09,0.11,0.1,0.11,0.11,0.11,0.1,0.1,0.09,0.1,0.09
TUU10101AA01049653,Talking with/listening to household children,250,All,4,TUU10101AA01010523,Caring for and helping household members (includes travel),TUU10101AA01024479,Caring for and helping household children under 18,TUU10101AA01032787,Caring for and helping household children (except activities related to education and health),0.02,0.02,0.02,0.02,0.02,0.02,0.02,0.02,0.02,0.02,0.02,0.02,0.02,0.02,0.02,0.02
TUU10101AA01049842,Attending household children's events,251,All,4,TUU10101AA01010523,Caring for and helping household members (includes travel),TUU10101AA01024479,Caring for and helping household children under 18,TUU10101AA01032787,Caring for and helping household children (except activities related to education and health),0.02,0.02,0.02,0.02,0.02,0.03,0.02,0.02,0.02,0.02,0.02,0.02,0.02,0.02,0.02,0.02
TUU10101AA01032886,Activities related to household children's education,252,All,3,TUU10101AA01010523,Caring for and helping household members (includes travel),TUU10101AA01024549,Caring for and helping household children under 18,,,0.04,0.04,0.04,0.04,0.03,0.04,0.04,0.04,0.04,0.04,0.04,0.04,0.04,0.04,0.03,0.03
TUU10101AA01050031,Helping household children with homework,253,All,4,TUU10101AA01010523,Caring for and helping household members (includes travel),TUU10101AA01024479,Caring for and helping household children under 18,TUU10101AA01032787,Caring for and helping household children (except activities related to education and health),0.03,0.03,0.03,0.03,0.03,0.03,0.03,0.03,0.03,0.03,0.04,0.03,0.03,0.03,0.02,0.03
TUU10101AA01032974,Activities related to household children's health,254,All,3,TUU10101AA01010523,Caring for and helping household members (includes travel),TUU10101AA01024549,Caring for and helping household children under 18,,,0.01,0.01,0.01,0.01,0.01,0.01,0.01,0.01,0.01,0.01,0.01,0.01,0.01,0.01,0.01,0.01
TUU10101AA01033035,Caring for household adults,255,All,3,TUU10101AA01010523,Caring for and helping household members (includes travel),TUU10101AA01024761,Caring for and helping household adults,,,0.03,0.03,0.02,0.03,0.03,0.02,0.02,0.02,0.02,0.02,0.02,0.03,0.02,0.03,0.03,0.03
TUU10101AA01050220,Physical care for household adults,256,All,4,TUU10101AA01010523,Caring for and helping household members (includes travel),TUU10101AA01024761,Caring for and helping household adults,TUU10101AA01033068,Caring for household adults,0.01,0.01,0.01,0.01,0.01,0.01,0.01,0.01,0.01,0.01,0.01,0.02,0.01,0.01,0.02,0.01
TUU10101AA01033133,Helping household adults,257,All,3,TUU10101AA01010523,Caring for and helping household members (includes travel),TUU10101AA01024761,Caring for and helping household adults,,,0.02,0.02,0.01,0.01,0.01,0.01,0.01,0.01,0.01,0.01,0.01,0.01,0.01,0.01,0.01,0.02
TUU10101AA01033251,Caring for nonhousehold adults,258,All,3,TUU10101AA01011323,Caring for and helping nonhousehold members (includes travel),TUU10101AA01025392,Caring for and helping nonhousehold adults,,,0.03,0.03,0.01,0.01,0.01,0.01,0.01,0.01,0.01,0.01,0.01,0.01,0.01,0.01,0.01,0.01
TUU10101AA01033341,Helping nonhousehold adults,259,All,3,TUU10101AA01011323,Caring for and helping nonhousehold members (includes travel),TUU10101AA01025392,Caring for and helping nonhousehold adults,,,0.08,0.08,0.07,0.07,0.06,0.06,0.06,0.07,0.06,0.05,0.06,0.05,0.06,0.06,0.06,0.06
TUU10101AA01019222,Working,260,All,2,TUU10101AA01012139,Working and work-related activities (includes travel),,,,,3.49,3.5,3.51,3.58,3.64,3.55,3.34,3.3,3.36,3.36,3.29,3.4,3.35,3.44,3.39,3.37
TUU10101AA01019527,Work-related activities,261,All,2,TUU10101AA01012139,Working and work-related activities (includes travel),,,,,0.01,0.01,0.01,0.01,0.01,0.01,0.01,0.01,0.01,,0.01,0.01,0.01,,,
TUU10101AA01033519,Other income-generating activities,262,All,2,TUU10101AA01012139,Working and work-related activities (includes travel),,,,,0.03,0.02,0.02,0.02,0.02,0.03,0.03,0.03,0.04,0.02,0.02,0.02,0.03,0.02,0.03,0.02
TUU10101AA01033617,Job search and interviewing,263,All,2,TUU10101AA01012139,Working and work-related activities (includes travel),,,,,0.03,0.02,0.02,0.02,0.02,0.04,0.05,0.05,0.04,0.04,0.04,0.04,0.03,0.03,0.03,0.03
TUU10101AA01019724,Attending class,264,All,2,TUU10101AA01012479,Educational activities (includes travel),,,,,0.12,0.13,0.11,0.12,0.1,0.1,0.1,0.11,0.12,0.12,0.09,0.1,0.1,0.11,0.11,0.12
TUU10101AA01050409,"Taking class for degree, certification, or licensure",265,All,3,TUU10101AA01012479,Educational activities (includes travel),TUU10101AA01019805,Attending class,,,0.11,0.1,0.09,0.1,0.09,0.09,0.09,0.1,0.1,0.1,0.08,0.09,0.09,0.1,0.1,0.11
TUU10101AA01019972,Homework and research,266,All,2,TUU10101AA01012479,Educational activities (includes travel),,,,,0.1,0.11,0.11,0.12,0.1,0.13,0.13,0.12,0.12,0.13,0.14,0.12,0.14,0.13,0.13,0.14
TUU10101AA01020201,Consumer goods purchases,267,All,2,TUU10101AA01012804,Purchasing goods and services (includes travel),,,,,0.41,0.41,0.41,0.41,0.4,0.39,0.38,0.38,0.38,0.36,0.38,0.36,0.37,0.37,0.35,0.34
TUU10101AA01033857,Grocery shopping,268,All,3,TUU10101AA01012804,Purchasing goods and services (includes travel),TUU10101AA01020275,Consumer goods purchases,,,0.11,0.11,0.11,0.11,0.1,0.1,0.11,0.11,0.11,0.1,0.11,0.12,0.11,0.11,0.11,0.11
TUU10101AA01020422,Professional and personal care services,269,All,2,TUU10101AA01012804,Purchasing goods and services (includes travel),,,,,0.1,0.09,0.09,0.09,0.09,0.08,0.09,0.08,0.08,0.08,0.08,0.09,0.08,0.09,0.08,0.09
TUU10101AA01034007,Financial services and banking,270,All,3,TUU10101AA01012804,Purchasing goods and services (includes travel),TUU10101AA01020496,Professional and personal care services,,,0.01,0.01,0.01,0.01,0.01,0.01,0.01,0.01,0.01,0.01,0.01,0.01,0.01,0.01,0.01,0.01
TUU10101AA01034106,Medical and care services,271,All,3,TUU10101AA01012804,Purchasing goods and services (includes travel),TUU10101AA01020496,Professional and personal care services,,,0.06,0.05,0.05,0.05,0.05,0.05,0.06,0.05,0.04,0.05,0.05,0.06,0.05,0.06,0.06,0.06
TUU10101AA01034200,Personal care services,272,All,3,TUU10101AA01012804,Purchasing goods and services (includes travel),TUU10101AA01020496,Professional and personal care services,,,0.02,0.02,0.02,0.02,0.02,0.02,0.01,0.02,0.02,0.02,0.02,0.02,0.02,0.02,0.02,0.02
TUU10101AA01034297,Household services,273,All,2,TUU10101AA01012804,Purchasing goods and services (includes travel),,,,,0.02,0.02,0.02,0.02,0.02,0.01,0.01,0.02,0.01,0.01,0.01,0.02,0.02,0.02,0.01,0.02
TUU10101AA01034389,"Home maintenance, repair, decoration, and construction (not done by self)",274,All,3,TUU10101AA01012804,Purchasing goods and services (includes travel),TUU10101AA01034329,Household services,,,0.01,0.01,0.01,0.01,0.01,,,0.01,,,,,0.01,0.01,,0.01
TUU10101AA01034464,Vehicle maintenance and repair services (not done by self),275,All,3,TUU10101AA01012804,Purchasing goods and services (includes travel),TUU10101AA01034329,Household services,,,0.01,0.01,0.01,0.01,0.01,0.01,0.01,0.01,0.01,0.01,0.01,0.01,0.01,0.01,0.01,0.01
TUU10101AA01034551,Civic obligations and participation,276,All,2,TUU10101AA01028150,Volunteering (organizational and civic activities),,,,,,,,,,,,,,,,,,0.01,,
TUU10101AA01034582,Eating and drinking,277,All,2,TUU10101AA01013389,Eating and drinking (includes travel),,,,,1.1,1.13,1.13,1.12,1.13,1.12,1.12,1.14,1.13,1.14,1.12,1.08,1.07,1.07,1.06,1.07
TUU10101AA01034681,"Socializing, relaxing, and leisure",278,All,2,TUU10101AA01013749,Leisure and sports (includes travel),,,,,4.55,4.63,4.56,4.54,4.52,4.64,4.69,4.64,4.66,4.79,4.74,4.77,4.68,4.6,4.74,4.77
TUU10101AA01034780,Socializing and communicating (except social events),279,All,4,TUU10101AA01013749,Leisure and sports (includes travel),TUU10101AA01034714,"Socializing, relaxing, and leisure",TUU10101AA01026940,Socializing and communicating,0.67,0.65,0.66,0.66,0.63,0.62,0.62,0.62,0.6,0.64,0.65,0.64,0.61,0.59,0.56,0.57
TUU10101AA01034879,Attending or hosting social events,280,All,4,TUU10101AA01013749,Leisure and sports (includes travel),TUU10101AA01034714,"Socializing, relaxing, and leisure",TUU10101AA01026940,Socializing and communicating,0.1,0.1,0.08,0.08,0.09,0.07,0.07,0.08,0.08,0.09,0.07,0.06,0.07,0.07,0.09,0.06
TUU10101AA01034978,Relaxing and leisure,281,All,3,TUU10101AA01013749,Leisure and sports (includes travel),TUU10101AA01034714,"Socializing, relaxing, and leisure",,,3.67,3.78,3.73,3.71,3.71,3.86,3.92,3.85,3.89,3.99,3.94,3.98,3.92,3.88,4,4.04
TUU10101AA01020919,Relaxing and thinking,282,All,4,TUU10101AA01013749,Leisure and sports (includes travel),TUU10101AA01034714,"Socializing, relaxing, and leisure",TUU10101AA01035011,Relaxing and leisure,0.34,0.3,0.34,0.32,0.3,0.27,0.26,0.3,0.3,0.3,0.31,0.29,0.3,0.32,0.37,0.33
TUU10101AA01021170,Playing games,283,All,4,TUU10101AA01013749,Leisure and sports (includes travel),TUU10101AA01034714,"Socializing, relaxing, and leisure",TUU10101AA01035011,Relaxing and leisure,0.14,0.16,0.16,0.16,0.17,0.18,0.2,0.19,0.19,0.18,0.21,0.2,0.2,0.21,0.24,0.26
TUU10101AA01021389,Computer use for leisure (excluding games),284,All,4,TUU10101AA01013749,Leisure and sports (includes travel),TUU10101AA01034714,"Socializing, relaxing, and leisure",TUU10101AA01035011,Relaxing and leisure,0.12,0.14,0.13,0.13,0.13,0.13,0.15,0.19,0.21,0.2,0.2,0.22,0.18,0.17,0.19,0.18
TUU10101AA01021657,Reading for personal interest,285,All,4,TUU10101AA01013749,Leisure and sports (includes travel),TUU10101AA01034714,"Socializing, relaxing, and leisure",TUU10101AA01035011,Relaxing and leisure,0.38,0.4,0.39,0.38,0.37,0.36,0.35,0.31,0.31,0.34,0.33,0.33,0.33,0.3,0.29,0.27
TUU10101AA01035113,Arts and entertainment (other than sports),286,All,3,TUU10101AA01013749,Leisure and sports (includes travel),TUU10101AA01034714,"Socializing, relaxing, and leisure",,,0.1,0.1,0.09,0.09,0.09,0.08,0.08,0.08,0.08,0.08,0.08,0.09,0.08,0.07,0.08,0.09
TUU10101AA01035212,"Sports, exercise, and recreation",287,All,2,TUU10101AA01013749,Leisure and sports (includes travel),,,,,0.3,0.29,0.3,0.28,0.31,0.29,0.3,0.3,0.3,0.31,0.3,0.3,0.3,0.31,0.28,0.29
TUU10101AA01035311,"Participating in sports, exercise, or recreation",288,All,3,TUU10101AA01013749,Leisure and sports (includes travel),TUU10101AA01035245,"Sports, exercise, and recreation",,,0.26,0.26,0.27,0.25,0.29,0.26,0.28,0.28,0.28,0.29,0.27,0.27,0.28,0.29,0.26,0.27
TUU10101AA01050946,Walking,289,All,4,TUU10101AA01013749,Leisure and sports (includes travel),TUU10101AA01035245,"Sports, exercise, and recreation",TUU10101AA01035344,"Participating in sports, exercise, or recreation",0.05,0.04,0.05,0.04,0.05,0.04,0.05,0.04,0.05,0.05,0.05,0.05,0.06,0.06,0.06,0.06
TUU10101AA01035410,Attending sporting or recreational events,290,All,3,TUU10101AA01013749,Leisure and sports (includes travel),TUU10101AA01035245,"Sports, exercise, and recreation",,,0.03,0.03,0.03,0.03,0.03,0.03,0.02,0.02,0.03,0.02,0.02,0.03,0.02,0.02,0.03,0.02
TUU10101AA01021907,Religious and spiritual activities,291,All,2,TUU10101AA01015159,"Organizational, civic, and religious activities",,,,,0.14,0.12,0.12,0.12,0.15,0.15,0.15,0.16,0.15,0.15,0.15,0.14,0.15,0.16,0.14,0.14
TUU10101AA01051135,Attending religious services,292,All,3,TUU10101AA01015159,"Organizational, civic, and religious activities",TUU10101AA01021980,Religious and spiritual activities,,,0.11,0.1,0.11,0.1,0.1,0.09,0.09,0.1,0.1,0.1,0.09,0.08,0.09,0.09,0.08,0.07
TUU10101AA01051324,Participation in religious practices,293,All,3,TUU10101AA01015159,"Organizational, civic, and religious activities",TUU10101AA01021980,Religious and spiritual activities,,,0.03,0.02,0.02,0.02,0.04,0.04,0.04,0.05,0.04,0.04,0.04,0.05,0.05,0.05,0.04,0.05
TUU10101AA01035557,Volunteer activities,294,All,2,TUU10101AA01028150,Volunteering (organizational and civic activities),,,,,0.14,0.14,0.14,0.13,0.16,0.15,0.15,0.15,0.15,0.13,0.14,0.13,0.14,0.12,0.15,0.12
TUU10101AA01035656,Administrative and support activities (volunteering),295,All,3,TUU10101AA01028150,Volunteering (organizational and civic activities),TUU10101AA01035590,Volunteer activities,,,0.04,0.04,0.04,0.03,0.03,0.04,0.05,0.04,0.04,0.04,0.04,0.04,0.05,0.03,0.04,0.03
TUU10101AA01035753,Social service and care activities (volunteering),296,All,3,TUU10101AA01028150,Volunteering (organizational and civic activities),TUU10101AA01035590,Volunteer activities,,,0.03,0.04,0.03,0.03,0.04,0.04,0.04,0.04,0.03,0.03,0.04,0.04,0.04,0.03,0.04,0.04
TUU10101AA01035849,"Indoor and outdoor maintenance, building, and cleanup activities (volunteering)",297,All,3,TUU10101AA01028150,Volunteering (organizational and civic activities),TUU10101AA01035590,Volunteer activities,,,0.01,0.01,,0.01,0.01,0.01,0.01,0.01,0.01,0.01,0.01,,0.01,0.01,0.01,0.01
TUU10101AA01035931,Participating in performance and cultural activities (volunteering),298,All,3,TUU10101AA01028150,Volunteering (organizational and civic activities),TUU10101AA01035590,Volunteer activities,,,0.01,0.01,0.01,0.01,0.01,0.01,0.01,0.01,0.01,0.01,0.01,0.01,0.01,0.01,0.01,0.01
TUU10101AA01036022,"Attending meetings, conferences, and training (volunteering)",299,All,3,TUU10101AA01028150,Volunteering (organizational and civic activities),TUU10101AA01035590,Volunteer activities,,,0.02,0.02,0.02,0.02,0.02,0.01,0.02,0.02,0.02,0.02,0.02,0.02,0.02,0.01,0.01,0.01
TUU10101AA01036110,Telephone calls (to or from),300,All,2,TUU10101AA01015735,"Telephone calls, mail, and e-mail (includes travel)",,,,,0.08,0.11,0.1,0.11,0.1,0.12,0.11,0.09,0.09,0.1,0.09,0.09,0.09,0.1,0.1,0.09
TUU10101AA01036209,Travel related to personal care,301,All,2,TUU10101AA01008981,Personal care activities (includes travel),,,,,0.01,0.01,0.02,0.01,0.02,0.01,0.02,0.01,0.02,0.02,0.01,0.02,0.02,0.03,0.02,0.02
TUU10101AA01036307,Travel related to household activities,302,All,2,TUU10101AA01009533,Household activities (includes travel),,,,,0.04,0.04,0.04,0.04,0.05,0.04,0.05,0.04,0.05,0.04,0.04,0.04,0.05,0.05,0.05,0.05
TUU10101AA01022123,Travel related to caring for and helping household members,303,All,2,TUU10101AA01010523,Caring for and helping household members (includes travel),,,,,0.09,0.09,0.09,0.08,0.08,0.09,0.08,0.08,0.08,0.08,0.09,0.09,0.08,0.08,0.08,0.08
TUU10101AA01022343,Travel related to caring for and helping nonhousehold members,304,All,2,TUU10101AA01011323,Caring for and helping nonhousehold members (includes travel),,,,,0.09,0.08,0.07,0.06,0.06,0.06,0.06,0.06,0.06,0.06,0.06,0.05,0.06,0.06,0.06,0.05
TUU10101AA01022564,Travel related to work,305,All,2,TUU10101AA01012139,Working and work-related activities (includes travel),,,,,0.31,0.29,0.3,0.31,0.3,0.29,0.29,0.29,0.29,0.29,0.28,0.29,0.28,0.29,0.3,0.3
TUU10101AA01036559,Travel related to education,306,All,2,TUU10101AA01012479,Educational activities (includes travel),,,,,0.02,0.03,0.02,0.02,0.01,0.02,0.02,0.02,0.02,0.02,0.02,0.02,0.02,0.02,0.02,0.02
TUU10101AA01022787,Travel related to eating and drinking,307,All,2,TUU10101AA01013389,Eating and drinking (includes travel),,,,,0.12,0.13,0.12,0.12,0.12,0.12,0.11,0.12,0.11,0.12,0.11,0.1,0.11,0.11,0.11,0.11
TUU10101AA01036697,Travel related to telephone calls,308,All,2,TUU10101AA01015735,"Telephone calls, mail, and e-mail (includes travel)",,,,,,,,,,,,,,,,,,0.01,,
TUU10101AA01008865,Personal care activities (includes travel),309,All,1,,,,,,,9.29,9.27,9.37,9.36,9.27,9.34,9.4,9.43,9.45,9.43,9.49,9.52,9.58,9.52,9.53,9.53
TUU10101AA01009417,Household activities (includes travel),310,All,1,,,,,,,1.91,1.89,1.9,1.86,1.92,1.8,1.88,1.86,1.84,1.81,1.85,1.84,1.91,1.9,1.87,1.83
TUU10101AA01023837,Household management,311,All,2,TUU10101AA01009533,Household activities (includes travel),,,,,0.14,0.14,0.15,0.13,0.14,0.13,0.14,0.13,0.13,0.13,0.13,0.12,0.14,0.14,0.13,0.14
TUU10101AA01010410,Caring for and helping household members (includes travel),312,All,1,,,,,,,0.59,0.59,0.57,0.55,0.56,0.56,0.56,0.53,0.53,0.53,0.55,0.56,0.53,0.55,0.55,0.53
TUU10101AA01024479,Caring for and helping household children under 18,313,All,2,TUU10101AA01010523,Caring for and helping household members (includes travel),,,,,0.45,0.45,0.44,0.43,0.44,0.44,0.45,0.42,0.41,0.42,0.43,0.43,0.41,0.42,0.42,0.4
TUU10101AA01024690,Caring for and helping household adults,314,All,2,TUU10101AA01010523,Caring for and helping household members (includes travel),,,,,0.05,0.05,0.03,0.04,0.04,0.04,0.03,0.03,0.03,0.03,0.04,0.05,0.04,0.04,0.05,0.05
TUU10101AA01011210,Caring for and helping nonhousehold members (includes travel),315,All,1,,,,,,,0.28,0.28,0.24,0.22,0.2,0.23,0.21,0.22,0.21,0.18,0.19,0.18,0.19,0.21,0.19,0.22
TUU10101AA01025098,Caring for and helping nonhousehold children,316,All,2,TUU10101AA01011323,Caring for and helping nonhousehold members (includes travel),,,,,0.09,0.09,0.08,0.08,0.07,0.09,0.07,0.07,0.08,0.06,0.07,0.07,0.06,0.08,0.06,0.09
TUU10101AA01025319,Caring for and helping nonhousehold adults,317,All,2,TUU10101AA01011323,Caring for and helping nonhousehold members (includes travel),,,,,0.11,0.11,0.08,0.08,0.07,0.08,0.07,0.08,0.07,0.06,0.06,0.07,0.07,0.07,0.07,0.07
TUU10101AA01012023,Working and work-related activities (includes travel),318,All,1,,,,,,,3.86,3.84,3.86,3.94,4,3.92,3.71,3.68,3.74,3.72,3.64,3.75,3.7,3.78,3.76,3.72
TUU10101AA01012371,Educational activities (includes travel),319,All,1,,,,,,,0.26,0.27,0.25,0.26,0.22,0.25,0.26,0.25,0.27,0.28,0.25,0.25,0.27,0.26,0.28,0.29
TUU10101AA01012688,Purchasing goods and services (includes travel),320,All,1,,,,,,,0.83,0.84,0.82,0.83,0.8,0.78,0.78,0.76,0.74,0.74,0.76,0.75,0.76,0.78,0.74,0.73
TUU10101AA01026136,Travel related to purchasing goods and services,321,All,2,TUU10101AA01012804,Purchasing goods and services (includes travel),,,,,0.3,0.31,0.29,0.3,0.29,0.29,0.28,0.28,0.27,0.27,0.28,0.27,0.29,0.3,0.28,0.28
TUU10101AA01013273,Eating and drinking (includes travel),322,All,1,,,,,,,1.23,1.26,1.26,1.25,1.25,1.24,1.24,1.26,1.25,1.26,1.24,1.18,1.19,1.18,1.18,1.19
TUU10101AA01013627,Leisure and sports (includes travel),323,All,1,,,,,,,5.06,5.14,5.09,5.06,5.06,5.14,5.21,5.15,5.18,5.33,5.25,5.27,5.18,5.12,5.23,5.25
TUU10101AA01026847,Socializing and communicating,324,All,3,TUU10101AA01013749,Leisure and sports (includes travel),TUU10101AA01034714,"Socializing, relaxing, and leisure",,,0.77,0.75,0.74,0.75,0.72,0.7,0.69,0.7,0.69,0.73,0.72,0.71,0.68,0.66,0.65,0.63
TUU10101AA01027132,Watching TV,325,All,4,TUU10101AA01013749,Leisure and sports (includes travel),TUU10101AA01034714,"Socializing, relaxing, and leisure",TUU10101AA01035011,Relaxing and leisure,2.6,2.67,2.59,2.6,2.65,2.82,2.86,2.76,2.79,2.87,2.81,2.85,2.82,2.77,2.82,2.88
TUU10101AA01027667,Travel related to leisure and sports,326,All,2,TUU10101AA01013749,Leisure and sports (includes travel),,,,,0.22,0.22,0.24,0.24,0.23,0.21,0.22,0.21,0.22,0.22,0.22,0.2,0.2,0.21,0.21,0.19
TUU10101AA01015046,"Organizational, civic, and religious activities",327,All,1,,,,,,,0.32,0.31,0.3,0.29,0.35,0.34,0.34,0.35,0.35,0.33,0.32,0.32,0.34,0.33,0.33,0.31
TUU10101AA01028079,Volunteering (organizational and civic activities),328,All,1,,,,,,,0.14,0.14,0.14,0.13,0.16,0.15,0.15,0.15,0.15,0.13,0.14,0.14,0.15,0.13,0.15,0.13
TUU10101AA01015622,"Telephone calls, mail, and e-mail (includes travel)",329,All,1,,,,,,,0.18,0.17,0.17,0.18,0.17,0.2,0.19,0.17,0.16,0.15,0.15,0.14,0.15,0.16,0.14,0.14
TUU10101AA01015961,"Other activities, not elsewhere classified (includes misc. travel and data codes)",330,All,1,,,,,,,0.19,0.14,0.17,0.21,0.2,0.2,0.24,0.35,0.29,0.24,0.31,0.23,0.19,0.22,0.21,0.26
TUU10101AA01029750,"Travel related to organizational, civic, and religious activities",331,All,2,TUU10101AA01028150,Volunteering (organizational and civic activities),,,,,0.04,0.04,0.04,0.05,0.05,0.04,0.04,0.04,0.05,0.04,0.04,0.04,0.04,0.04,0.04,0.04
TUU10101AA01037884,Government services,332,All,2,TUU10101AA01012804,Purchasing goods and services (includes travel),,,,,,,,0.01,,,0.01,0.01,,0.01,0.01,,,,,
TUU10101AA01037973,Household and personal messages,333,All,2,TUU10101AA01015735,"Telephone calls, mail, and e-mail (includes travel)",,,,,0.07,0.06,0.07,0.07,0.07,0.08,0.08,0.07,0.06,0.05,0.05,0.05,0.06,0.05,0.05,0.04